Set,Curve,Model,Type,Error Code,Iterations,Label,Target,Conc. (),Probe,Conc. (nM),kon  [1/ (sec.nM)],Err,koff  [1/sec],Err,Kd  [nM],Err,ThetaBar,Err,Scale,Err,RMSE Global,RMSE Curve,koff_max  [1/sec],Kd_max  [nM],koff_best  [1/sec],Kd_best  [nM],Baseline Mean,Baseline Noise,Assoc. Mean,Dissoc. Mean,Assoc. SNR,Dissoc. SNR
0,0,1-to-1,Global,0,17,EQKLISEEDL-0049-dIm,,0.00E+00,MS-a-Myc,1.00E+02,1.64E-05,4.69E-07,3.12E-05,1.34E-06,1.90E+00,9.77E-02,9.81E-01,9.41E-04,4.02E-03,2.53E-05,2.73E-04,2.73E-04,1.42E-06,8.64E-02,3.12E-05,1.90E+00,-0.000011,0.000062,0.003849,0.003201,62.468403,51.952652
1,0,1-to-1,Global,0,25,EQKLISEEDL-0049-dR,,0.00E+00,MS-a-Myc,1.00E+02,1.75E-05,2.17E-06,2.48E-05,5.21E-06,1.42E+00,3.46E-01,9.86E-01,3.36E-03,1.02E-03,2.42E-05,2.84E-04,2.84E-04,5.82E-06,3.33E-01,2.48E-05,1.42E+00,-0.000012,0.000192,0.000878,0.000778,4.56851,4.049154
2,0,1-to-1,Global,0,28,EQKLISEEDL-0096-dIm,,0.00E+00,MS-a-Myc,1.00E+02,1.71E-05,5.35E-07,3.54E-05,1.46E-06,2.06E+00,1.07E-01,9.80E-01,1.03E-03,3.23E-03,2.17E-05,2.38E-04,2.38E-04,1.53E-06,8.94E-02,3.54E-05,2.06E+00,0.000021,0.000065,0.003157,0.002488,48.605499,38.295124
3,0,1-to-1,Global,0,25,EQKLISEEDL-0096-dR,,0.00E+00,MS-a-Myc,1.00E+02,1.47E-05,2.34E-06,8.53E-05,8.28E-06,5.80E+00,1.08E+00,9.45E-01,9.67E-03,9.29E-04,3.51E-05,3.07E-04,3.07E-04,6.91E-06,4.70E-01,8.53E-05,5.80E+00,0.000061,0.000216,0.001046,0.000419,4.845636,1.939663
4,0,1-to-1,Global,0,24,EQKLISEEDL-0126-dIm,,0.00E+00,MS-a-Myc,1.00E+02,1.72E-05,5.92E-07,3.39E-05,1.50E-06,1.97E+00,1.11E-01,9.81E-01,1.07E-03,3.23E-03,2.19E-05,2.48E-04,2.48E-04,1.60E-06,9.34E-02,3.39E-05,1.97E+00,-0.000008,0.000069,0.00317,0.002589,46.255163,37.787714
5,0,1-to-1,Global,0,12,EQKLISEEDL-0126-dR,,0.00E+00,MS-a-Myc,1.00E+02,2.42E-05,5.52E-06,3.09E-05,8.70E-06,1.28E+00,4.64E-01,9.87E-01,4.52E-03,5.59E-04,2.01E-05,2.64E-04,2.64E-04,9.83E-06,4.07E-01,3.09E-05,1.28E+00,-0.000002,0.000191,0.000643,0.00045,3.370516,2.360226
6,0,1-to-1,Global,0,12,EQKLISEEDL-0145-dIm,,0.00E+00,MS-a-Myc,1.00E+02,1.79E-05,6.34E-07,2.87E-05,1.49E-06,1.61E+00,1.01E-01,9.84E-01,9.80E-04,3.16E-03,2.13E-05,2.50E-04,2.50E-04,1.65E-06,9.21E-02,2.87E-05,1.61E+00,0.000003,0.00007,0.003153,0.002523,45.26034,36.214827
7,0,1-to-1,Global,0,21,EQKLISEEDL-0145-dR,,0.00E+00,MS-a-Myc,1.00E+02,1.15E-05,3.01E-06,4.71E-05,1.25E-05,4.10E+00,1.53E+00,9.61E-01,1.41E-02,4.91E-04,3.38E-05,2.77E-04,2.77E-04,1.19E-05,1.04E+00,4.71E-05,4.10E+00,-0.000007,0.00012,0.000567,0.000303,4.742662,2.534324
8,0,1-to-1,Global,0,26,EQKLISEEDL-0226-dIm,,0.00E+00,MS-a-Myc,1.00E+02,1.83E-05,6.43E-07,2.72E-05,1.48E-06,1.49E+00,9.66E-02,9.85E-01,9.37E-04,3.66E-03,2.42E-05,2.87E-04,2.87E-04,1.63E-06,8.95E-02,2.72E-05,1.49E+00,-0.000005,0.000055,0.003694,0.002958,67.468237,54.021713
9,0,1-to-1,Global,0,7,EQKLISEEDL-0226-dR,,0.00E+00,MS-a-Myc,1.00E+02,8.38E-06,2.75E-06,9.13E-06,1.39E-05,1.09E+00,1.70E+00,9.89E-01,1.66E-02,4.02E-04,4.79E-05,2.81E-04,2.81E-04,1.53E-05,1.83E+00,1.53E-05,1.83E+00,0.000055,0.000167,0.000437,0.000508,2.618137,3.039509
10,0,1-to-1,Global,0,23,EQKLISEEDL-0364-dIm,,0.00E+00,MS-a-Myc,1.00E+02,1.64E-05,4.94E-07,3.90E-05,1.44E-06,2.38E+00,1.13E-01,9.77E-01,1.08E-03,3.87E-03,2.61E-05,2.74E-04,2.74E-04,1.48E-06,9.02E-02,3.90E-05,2.38E+00,-0.000005,0.000056,0.003835,0.002877,68.902062,51.698421
11,0,1-to-1,Global,0,17,EQKLISEEDL-0364-dR,,0.00E+00,MS-a-Myc,1.00E+02,1.07E-05,3.03E-06,4.67E-05,1.35E-05,4.37E+00,1.77E+00,9.58E-01,1.63E-02,4.55E-04,3.58E-05,2.74E-04,2.74E-04,1.28E-05,1.20E+00,4.67E-05,4.37E+00,0.00002,0.000264,0.000381,0.000402,1.445111,1.525296
12,0,1-to-1,Global,0,25,EQKLISEEDL-0370-dIm,,0.00E+00,MS-a-Myc,1.00E+02,1.75E-05,5.69E-07,3.23E-05,1.49E-06,1.85E+00,1.05E-01,9.82E-01,1.01E-03,3.79E-03,2.61E-05,2.91E-04,2.91E-04,1.60E-06,9.18E-02,3.23E-05,1.85E+00,-0.000031,0.000055,0.003692,0.002962,67.004887,53.752402
13,0,1-to-1,Global,0,28,EQKLISEEDL-0370-dR,,0.00E+00,MS-a-Myc,1.00E+02,2.32E-05,4.92E-06,3.67E-05,8.42E-06,1.58E+00,4.95E-01,9.84E-01,4.80E-03,6.16E-04,2.14E-05,2.72E-04,2.72E-04,9.18E-06,3.96E-01,3.67E-05,1.58E+00,0.000002,0.000191,0.000408,0.00055,2.138865,2.884329
14,0,1-to-1,Global,0,17,EQKLISEEDL-0405-dIm,,0.00E+00,MS-a-Myc,1.00E+02,1.61E-05,4.73E-07,2.69E-05,1.28E-06,1.67E+00,9.35E-02,9.84E-01,9.05E-04,3.96E-03,2.37E-05,2.64E-04,2.64E-04,1.39E-06,8.66E-02,2.69E-05,1.67E+00,-0.000024,0.000079,0.003908,0.003179,49.453914,40.233709
15,0,1-to-1,Global,0,24,EQKLISEEDL-0405-dR,,0.00E+00,MS-a-Myc,1.00E+02,1.58E-05,2.08E-06,3.93E-05,5.97E-06,2.49E+00,5.02E-01,9.76E-01,4.78E-03,9.59E-04,2.66E-05,2.82E-04,2.82E-04,6.14E-06,3.89E-01,3.93E-05,2.49E+00,0.000008,0.000167,0.00092,0.000629,5.511262,3.763904
16,0,1-to-1,Global,0,12,EQKLISEEDL-0418-dIm,,0.00E+00,MS-a-Myc,1.00E+02,1.72E-05,6.31E-07,3.46E-05,1.60E-06,2.01E+00,1.19E-01,9.80E-01,1.14E-03,3.10E-03,2.25E-05,2.53E-04,2.53E-04,1.70E-06,9.90E-02,3.46E-05,2.01E+00,0.000002,0.000033,0.003052,0.002422,91.239532,72.39374
17,0,1-to-1,Global,0,29,EQKLISEEDL-0418-dR,,0.00E+00,MS-a-Myc,1.00E+02,2.40E-05,1.52E-05,1.09E-07,2.83E-05,4.54E-03,1.18E+00,1.00E+00,1.18E-02,1.97E-04,1.89E-05,2.67E-04,2.67E-04,2.82E-05,1.18E+00,2.82E-05,1.18E+00,-0.000057,0.000167,0.000158,0.000229,0.944238,1.369729
18,0,1-to-1,Global,0,21,EQKLISEEDL-0420-dIm,,0.00E+00,MS-a-Myc,1.00E+02,1.62E-05,5.86E-07,3.43E-05,1.61E-06,2.12E+00,1.26E-01,9.79E-01,1.21E-03,2.92E-03,2.17E-05,2.37E-04,2.37E-04,1.69E-06,1.05E-01,3.43E-05,2.12E+00,-0.000047,0.000057,0.002825,0.002178,49.579569,38.23634
19,0,1-to-1,Global,0,15,EQKLISEEDL-0420-dR,,0.00E+00,MS-a-Myc,1.00E+02,2.41E-05,1.06E-05,2.87E-05,1.68E-05,1.19E+00,8.70E-01,9.88E-01,8.50E-03,2.87E-04,1.99E-05,2.63E-04,2.63E-04,1.90E-05,7.88E-01,2.87E-05,1.19E+00,0.000019,0.000168,0.000211,0.000281,1.25606,1.670492
20,0,1-to-1,Global,0,25,EQKLISEEDL-0424-dIm,,0.00E+00,MS-a-Myc,1.00E+02,1.79E-05,6.43E-07,3.20E-05,1.63E-06,1.79E+00,1.11E-01,9.83E-01,1.08E-03,3.17E-03,2.36E-05,2.68E-04,2.68E-04,1.76E-06,9.84E-02,3.20E-05,1.79E+00,0.000002,0.000063,0.003106,0.002473,49.24083,39.216067
21,0,1-to-1,Global,0,5,EQKLISEEDL-0424-dR,,0.00E+00,MS-a-Myc,1.00E+02,9.60E-03,1.62E+01,2.91E-02,1.80E-01,3.03E+00,5.10E+03,9.71E-01,4.80E+01,-6.51E-05,3.22E-03,2.76E-04,2.76E-04,-8.82E-05,-9.19E-03,2.91E-02,3.03E+00,0.000001,0.000214,0.000098,0.000096,0.454855,0.447647
22,0,1-to-1,Global,0,28,EQKLISEEDL-0451-dIm,,0.00E+00,MS-a-Myc,1.00E+02,1.70E-05,5.80E-07,2.75E-05,1.56E-06,1.61E+00,1.07E-01,9.84E-01,1.04E-03,3.18E-03,2.32E-05,2.59E-04,2.59E-04,1.70E-06,9.96E-02,2.75E-05,1.61E+00,-0.000009,0.000063,0.003154,0.002481,50.013232,39.341033
23,0,1-to-1,Global,0,17,EQKLISEEDL-0451-dR,,0.00E+00,MS-a-Myc,1.00E+02,1.59E-05,2.61E-06,5.94E-05,7.82E-06,3.73E+00,7.84E-01,9.64E-01,7.28E-03,7.78E-04,2.75E-05,2.75E-04,2.75E-04,7.37E-06,4.63E-01,5.94E-05,3.73E+00,0.000005,0.000191,0.000722,0.000434,3.787449,2.276153
24,0,1-to-1,Global,0,27,EQKLISEEDL-0502-dIm,,0.00E+00,MS-a-Myc,1.00E+02,1.73E-05,6.12E-07,3.05E-05,1.51E-06,1.77E+00,1.08E-01,9.83E-01,1.04E-03,3.47E-03,2.39E-05,2.74E-04,2.74E-04,1.65E-06,9.54E-02,3.05E-05,1.77E+00,-0.000069,0.000059,0.003403,0.002705,57.983566,46.095721
25,0,1-to-1,Global,0,24,EQKLISEEDL-0502-dR,,0.00E+00,MS-a-Myc,1.00E+02,1.46E-05,2.32E-06,8.53E-06,6.71E-06,5.84E-01,4.69E-01,9.94E-01,4.64E-03,7.09E-04,2.36E-05,2.65E-04,2.65E-04,7.81E-06,5.35E-01,8.53E-06,5.84E-01,0.000014,0.000191,0.000686,0.000562,3.591882,2.945
26,0,1-to-1,Global,0,25,EQKLISEEDL-0505-dIm,,0.00E+00,MS-a-Myc,1.00E+02,1.77E-05,6.73E-07,2.56E-05,1.61E-06,1.45E+00,1.06E-01,9.86E-01,1.03E-03,3.18E-03,2.31E-05,2.72E-04,2.72E-04,1.78E-06,1.01E-01,2.56E-05,1.45E+00,-0.000025,0.000081,0.00325,0.002514,40.241117,31.125358
27,0,1-to-1,Global,0,20,EQKLISEEDL-0505-dR,,0.00E+00,MS-a-Myc,1.00E+02,1.16E-05,4.08E-06,9.10E-05,1.89E-05,7.86E+00,3.21E+00,9.27E-01,2.76E-02,4.27E-04,4.24E-05,3.00E-04,3.00E-04,1.48E-05,1.28E+00,9.10E-05,7.86E+00,0.000003,0.000143,0.00048,0.000096,3.359744,0.674625
28,0,1-to-1,Global,0,16,EQKLISEEDL-0523-dIm,,0.00E+00,MS-a-Myc,1.00E+02,1.73E-05,5.78E-07,3.19E-05,1.45E-06,1.85E+00,1.04E-01,9.82E-01,1.01E-03,3.38E-03,2.22E-05,2.52E-04,2.52E-04,1.56E-06,9.02E-02,3.19E-05,1.85E+00,0.000006,0.000067,0.003373,0.002678,50.395629,40.019681
29,0,1-to-1,Global,0,11,EQKLISEEDL-0523-dR,,0.00E+00,MS-a-Myc,1.00E+02,1.22E-05,5.92E-06,1.51E-06,2.05E-05,1.24E-01,1.68E+00,9.99E-01,1.67E-02,2.33E-04,2.62E-05,2.67E-04,2.67E-04,2.41E-05,1.97E+00,2.41E-05,1.97E+00,0.000014,0.000168,0.000182,0.000301,1.088557,1.79714
30,0,1-to-1,Global,0,25,EQKLISEEDL-0586-dIm,,0.00E+00,MS-a-Myc,1.00E+02,1.76E-05,6.56E-07,3.19E-05,1.70E-06,1.81E+00,1.18E-01,9.82E-01,1.14E-03,3.74E-03,2.93E-05,3.29E-04,3.29E-04,1.83E-06,1.04E-01,3.19E-05,1.81E+00,-0.00003,0.000074,0.00372,0.002777,50.050598,37.358606
31,0,1-to-1,Global,0,24,EQKLISEEDL-0586-dR,,0.00E+00,MS-a-Myc,1.00E+02,2.22E-05,5.89E-06,1.79E-05,1.01E-05,8.09E-01,5.05E-01,9.92E-01,4.97E-03,5.22E-04,2.27E-05,2.98E-04,2.98E-04,1.19E-05,5.37E-01,1.79E-05,8.09E-01,0.000007,0.000191,0.000438,0.000485,2.293263,2.535915
32,0,1-to-1,Global,0,12,EQKLISEEDL-0724-dIm,,0.00E+00,MS-a-Myc,1.00E+02,1.64E-05,5.42E-07,2.70E-05,1.42E-06,1.65E+00,1.03E-01,9.84E-01,9.95E-04,3.96E-03,2.63E-05,2.97E-04,2.97E-04,1.56E-06,9.56E-02,2.70E-05,1.65E+00,-0.000004,0.000066,0.003834,0.003213,58.062711,48.655931
33,0,1-to-1,Global,0,29,EQKLISEEDL-0724-dR,,0.00E+00,MS-a-Myc,1.00E+02,1.76E-05,2.41E-06,4.42E-05,6.11E-06,2.52E+00,4.90E-01,9.76E-01,4.66E-03,9.86E-04,2.66E-05,2.95E-04,2.95E-04,6.24E-06,3.55E-01,4.42E-05,2.52E+00,0.000024,0.000168,0.000796,0.000695,4.736695,4.1368
34,0,1-to-1,Global,0,17,EQKLISEEDL-0767-dIm,,0.00E+00,MS-a-Myc,1.00E+02,1.67E-05,6.22E-07,2.82E-05,1.60E-06,1.69E+00,1.14E-01,9.83E-01,1.11E-03,4.01E-03,2.96E-05,3.36E-04,3.36E-04,1.75E-06,1.05E-01,2.82E-05,1.69E+00,-0.000006,0.000043,0.003953,0.00315,91.026382,72.548774
35,0,1-to-1,Global,0,29,EQKLISEEDL-0767-dR,,0.00E+00,MS-a-Myc,1.00E+02,1.31E-05,2.39E-06,6.47E-05,9.08E-06,4.93E+00,1.13E+00,9.53E-01,1.03E-02,7.27E-04,3.28E-05,2.82E-04,2.82E-04,8.13E-06,6.20E-01,6.47E-05,4.93E+00,-0.000006,0.000096,0.00076,0.000373,7.893307,3.871767
36,0,1-to-1,Global,0,28,EQKLISEEDL-0803-dIm,,0.00E+00,MS-a-Myc,1.00E+02,1.78E-05,7.07E-07,3.36E-05,1.71E-06,1.89E+00,1.22E-01,9.82E-01,1.18E-03,3.42E-03,2.62E-05,3.02E-04,3.02E-04,1.84E-06,1.03E-01,3.36E-05,1.89E+00,-0.000024,0.000062,0.003397,0.002688,54.527896,43.147597
37,0,1-to-1,Global,0,20,EQKLISEEDL-0803-dR,,0.00E+00,MS-a-Myc,1.00E+02,1.47E-05,2.96E-06,4.03E-06,8.40E-06,2.74E-01,5.76E-01,9.97E-01,5.72E-03,5.48E-04,2.29E-05,2.62E-04,2.62E-04,9.98E-06,6.80E-01,9.98E-06,6.80E-01,0.000024,0.000143,0.000645,0.000477,4.513781,3.336022
38,0,1-to-1,Global,0,23,EQKLISEEDL-0853-dIm,,0.00E+00,MS-a-Myc,1.00E+02,1.66E-05,6.13E-07,3.12E-05,1.61E-06,1.88E+00,1.19E-01,9.82E-01,1.15E-03,3.32E-03,2.45E-05,2.75E-04,2.75E-04,1.73E-06,1.04E-01,3.12E-05,1.88E+00,-0.000019,0.000059,0.003227,0.002567,55.124886,43.854936
39,0,1-to-1,Global,0,32,EQKLISEEDL-0853-dR,,0.00E+00,MS-a-Myc,1.00E+02,1.92E-05,3.52E-06,6.74E-05,8.48E-06,3.51E+00,7.80E-01,9.66E-01,7.28E-03,7.03E-04,2.48E-05,2.69E-04,2.69E-04,7.97E-06,4.15E-01,6.74E-05,3.51E+00,-0.00004,0.000238,0.000843,0.000436,3.536627,1.829175
40,0,1-to-1,Global,0,12,EQKLISEEDL-0887-dIm,,0.00E+00,MS-a-Myc,1.00E+02,1.69E-05,6.90E-07,3.37E-05,1.77E-06,2.00E+00,1.33E-01,9.80E-01,1.28E-03,3.28E-03,2.66E-05,2.99E-04,2.99E-04,1.90E-06,1.12E-01,3.37E-05,2.00E+00,-0.000021,0.000061,0.003234,0.002579,53.164778,42.405178
41,0,1-to-1,Global,0,7,EQKLISEEDL-0887-dR,,0.00E+00,MS-a-Myc,1.00E+02,9.69E-03,7.58E+01,1.09E-04,1.37E-04,1.12E-02,8.80E+01,1.00E+00,8.80E-01,-5.06E-05,4.88E-05,2.96E-04,2.96E-04,-1.22E-04,-1.26E-02,1.09E-04,1.12E-02,-0.000005,0.000191,-0.000028,0.000089,-0.144521,0.467415
42,0,1-to-1,Global,0,22,EQKLISEEDL-0914-dIm,,0.00E+00,MS-a-Myc,1.00E+02,1.63E-05,6.29E-07,3.18E-05,1.69E-06,1.95E+00,1.28E-01,9.81E-01,1.23E-03,3.64E-03,2.85E-05,3.15E-04,3.15E-04,1.81E-06,1.11E-01,3.18E-05,1.95E+00,0.000009,0.000049,0.003461,0.002851,69.939965,57.602441
43,0,1-to-1,Global,0,29,EQKLISEEDL-0914-dR,,0.00E+00,MS-a-Myc,1.00E+02,2.28E-05,3.41E-06,2.17E-05,5.70E-06,9.54E-01,2.88E-01,9.91E-01,2.83E-03,9.32E-04,2.25E-05,2.96E-04,2.96E-04,6.61E-06,2.90E-01,2.17E-05,9.54E-01,-0.000024,0.000214,0.000835,0.000713,3.898853,3.328877
44,0,1-to-1,Global,0,26,EQKLISEEDL-0961-dIm,,0.00E+00,MS-a-Myc,1.00E+02,1.71E-05,5.45E-07,3.27E-05,1.39E-06,1.92E+00,1.02E-01,9.81E-01,9.78E-04,3.97E-03,2.50E-05,2.82E-04,2.82E-04,1.48E-06,8.68E-02,3.27E-05,1.92E+00,-0.000016,0.000058,0.003836,0.003083,66.628504,53.560396
45,0,1-to-1,Global,0,27,EQKLISEEDL-0961-dR,,0.00E+00,MS-a-Myc,1.00E+02,2.59E-05,4.28E-06,2.07E-05,5.97E-06,8.00E-01,2.66E-01,9.92E-01,2.62E-03,8.16E-04,2.02E-05,2.77E-04,2.77E-04,7.05E-06,2.73E-01,2.07E-05,8.00E-01,0.000049,0.00019,0.000743,0.000621,3.903997,3.264904
46,0,1-to-1,Global,0,18,EQKLISEEDL-1034-dIm,,0.00E+00,MS-a-Myc,1.00E+02,1.66E-05,4.90E-07,2.31E-05,1.33E-06,1.39E+00,9.00E-02,9.86E-01,8.75E-04,3.77E-03,2.39E-05,2.68E-04,2.68E-04,1.48E-06,8.91E-02,2.31E-05,1.39E+00,-0.000024,0.000068,0.003734,0.003128,55.225699,46.254787
47,0,1-to-1,Global,0,17,EQKLISEEDL-1034-dR,,0.00E+00,MS-a-Myc,1.00E+02,1.68E-05,2.83E-06,3.01E-05,7.25E-06,1.80E+00,5.28E-01,9.82E-01,5.10E-03,7.73E-04,2.58E-05,2.92E-04,2.92E-04,7.89E-06,4.70E-01,3.01E-05,1.80E+00,0.000031,0.000167,0.000774,0.000627,4.625641,3.747757
48,0,1-to-1,Global,0,32,EQKLISEEDL-1170-dIm,,0.00E+00,MS-a-Myc,1.00E+02,1.69E-05,6.19E-07,3.94E-05,1.63E-06,2.34E+00,1.29E-01,9.77E-01,1.23E-03,3.41E-03,2.52E-05,2.77E-04,2.77E-04,1.69E-06,1.00E-01,3.94E-05,2.34E+00,-0.000005,0.000055,0.003342,0.002452,60.565416,44.447935
49,0,1-to-1,Global,0,23,EQKLISEEDL-1170-dR,,0.00E+00,MS-a-Myc,1.00E+02,8.46E-06,3.15E-06,3.92E-05,1.72E-05,4.63E+00,2.67E+00,9.56E-01,2.44E-02,3.66E-04,5.17E-05,2.73E-04,2.73E-04,1.63E-05,1.93E+00,3.92E-05,4.63E+00,0.000037,0.000095,0.000251,0.000108,2.629698,1.134962
50,0,1-to-1,Global,0,30,EQKLISEEDL-1241-dIm,,0.00E+00,MS-a-Myc,1.00E+02,1.65E-05,5.83E-07,3.90E-05,1.68E-06,2.37E+00,1.32E-01,9.77E-01,1.26E-03,3.56E-03,2.81E-05,2.97E-04,2.97E-04,1.74E-06,1.06E-01,3.90E-05,2.37E+00,-0.000024,0.000059,0.003428,0.002621,58.479313,44.710106
51,0,1-to-1,Global,0,30,EQKLISEEDL-1241-dR,,0.00E+00,MS-a-Myc,1.00E+02,1.15E-05,1.68E-06,5.22E-09,6.24E-06,4.53E-04,5.42E-01,1.00E+00,5.42E-03,7.70E-04,2.72E-05,2.65E-04,2.65E-04,7.27E-06,6.32E-01,7.27E-06,6.32E-01,0.000013,0.000191,0.000732,0.000943,3.836323,4.939794
52,0,1-to-1,Global,0,13,EQKLISEEDL-1244-dIm,,0.00E+00,MS-a-Myc,1.00E+02,1.70E-05,6.40E-07,3.51E-05,1.64E-06,2.06E+00,1.23E-01,9.80E-01,1.19E-03,3.51E-03,2.62E-05,2.94E-04,2.94E-04,1.74E-06,1.02E-01,3.51E-05,2.06E+00,-0.000032,0.00005,0.003402,0.002757,67.999121,55.10344
53,0,1-to-1,Global,0,19,EQKLISEEDL-1244-dR,,0.00E+00,MS-a-Myc,1.00E+02,1.44E-05,2.82E-06,3.41E-05,8.87E-06,2.37E+00,7.70E-01,9.77E-01,7.35E-03,6.11E-04,2.64E-05,2.69E-04,2.69E-04,9.22E-06,6.40E-01,3.41E-05,2.37E+00,-0.000024,0.00012,0.000814,0.000643,6.797645,5.366782
54,0,1-to-1,Global,0,24,EQKLISEEDL-1271-dIm,,0.00E+00,MS-a-Myc,1.00E+02,1.73E-05,5.83E-07,3.40E-05,1.47E-06,1.97E+00,1.08E-01,9.81E-01,1.03E-03,3.52E-03,2.33E-05,2.64E-04,2.64E-04,1.56E-06,9.02E-02,3.40E-05,1.97E+00,-0.000038,0.000056,0.00349,0.00269,61.769674,47.610474
55,0,1-to-1,Global,0,26,EQKLISEEDL-1271-dR,,0.00E+00,MS-a-Myc,1.00E+02,1.09E-05,3.52E-06,4.25E-05,1.51E-05,3.88E+00,1.86E+00,9.63E-01,1.72E-02,3.71E-04,3.23E-05,2.57E-04,2.57E-04,1.47E-05,1.34E+00,4.25E-05,3.88E+00,0.000011,0.000143,0.000441,0.000247,3.091513,1.733818
56,0,1-to-1,Global,0,21,EQKLISEEDL-1276-dIm,,0.00E+00,MS-a-Myc,1.00E+02,1.79E-05,6.70E-07,3.60E-05,1.62E-06,2.01E+00,1.18E-01,9.80E-01,1.13E-03,3.77E-03,2.71E-05,3.11E-04,3.11E-04,1.72E-06,9.62E-02,3.60E-05,2.01E+00,-0.000002,0.000054,0.003667,0.002769,67.637206,51.071118
57,0,1-to-1,Global,0,24,EQKLISEEDL-1276-dR,,0.00E+00,MS-a-Myc,1.00E+02,1.28E-05,2.48E-06,1.81E-05,8.52E-06,1.41E+00,7.17E-01,9.86E-01,6.97E-03,6.37E-04,2.86E-05,2.84E-04,2.84E-04,9.37E-06,7.30E-01,1.81E-05,1.41E+00,-0.000023,0.000143,0.00067,0.000476,4.691717,3.335924
58,0,1-to-1,Global,0,25,EQKLISEEDL-1297-dIm,,0.00E+00,MS-a-Myc,1.00E+02,1.77E-05,5.77E-07,3.25E-05,1.48E-06,1.83E+00,1.03E-01,9.82E-01,9.90E-04,3.62E-03,2.46E-05,2.77E-04,2.77E-04,1.60E-06,9.00E-02,3.25E-05,1.83E+00,-0.000022,0.000062,0.003554,0.002741,57.49376,44.336414
59,0,1-to-1,Global,0,24,EQKLISEEDL-1297-dR,,0.00E+00,MS-a-Myc,1.00E+02,1.39E-05,2.88E-06,1.89E-05,9.05E-06,1.36E+00,7.08E-01,9.87E-01,6.89E-03,6.12E-04,2.79E-05,2.93E-04,2.93E-04,1.00E-05,7.19E-01,1.89E-05,1.36E+00,-0.000022,0.000144,0.000601,0.000622,4.17374,4.323385
60,0,1-to-1,Global,0,18,EQKLISEEDL-1354-dIm,,0.00E+00,MS-a-Myc,1.00E+02,1.67E-05,5.63E-07,4.27E-05,1.50E-06,2.55E+00,1.24E-01,9.75E-01,1.18E-03,3.87E-03,2.65E-05,2.87E-04,2.87E-04,1.55E-06,9.25E-02,4.27E-05,2.55E+00,-0.000019,0.000068,0.003821,0.002812,55.940485,41.16983
61,0,1-to-1,Global,0,26,EQKLISEEDL-1354-dR,,0.00E+00,MS-a-Myc,1.00E+02,2.00E-05,7.91E-06,6.93E-06,1.52E-05,3.47E-01,7.73E-01,9.97E-01,7.68E-03,2.94E-04,2.00E-05,2.61E-04,2.61E-04,1.85E-05,9.25E-01,1.85E-05,9.25E-01,0.000008,0.000215,0.000247,0.000438,1.1488,2.033678
62,0,1-to-1,Global,0,12,EQKLISEEDL-1367-dIm,,0.00E+00,MS-a-Myc,1.00E+02,1.69E-05,4.96E-07,3.44E-05,1.28E-06,2.03E+00,9.63E-02,9.80E-01,9.25E-04,4.01E-03,2.34E-05,2.62E-04,2.62E-04,1.36E-06,8.03E-02,3.44E-05,2.03E+00,-0.000007,0.00003,0.003976,0.003129,133.219038,104.834427
63,0,1-to-1,Global,0,29,EQKLISEEDL-1367-dR,,0.00E+00,MS-a-Myc,1.00E+02,2.39E-05,3.07E-06,5.53E-06,4.55E-06,2.32E-01,1.93E-01,9.98E-01,1.92E-03,9.62E-04,1.90E-05,2.65E-04,2.65E-04,5.72E-06,2.40E-01,5.72E-06,2.40E-01,0.000045,0.000143,0.001142,0.000974,7.99038,6.815694
64,0,1-to-1,Global,0,23,EQKLISEEDL-1404-dIm,,0.00E+00,MS-a-Myc,1.00E+02,1.64E-05,5.52E-07,4.19E-05,1.52E-06,2.56E+00,1.27E-01,9.75E-01,1.21E-03,3.92E-03,2.72E-05,2.92E-04,2.92E-04,1.56E-06,9.51E-02,4.19E-05,2.56E+00,0.000012,0.000056,0.003836,0.002885,68.894343,51.813714
65,0,1-to-1,Global,0,41,EQKLISEEDL-1404-dR,,0.00E+00,MS-a-Myc,1.00E+02,1.40E-05,5.49E-06,4.08E-05,1.81E-05,2.93E+00,1.74E+00,9.72E-01,1.64E-02,3.18E-04,2.85E-05,2.78E-04,2.78E-04,1.84E-05,1.32E+00,4.08E-05,2.93E+00,0.000012,0.000168,0.000228,0.000395,1.359812,2.350614
66,0,1-to-1,Global,0,21,EQKLISEEDL-1498-dIm,,0.00E+00,MS-a-Myc,1.00E+02,1.58E-05,5.39E-07,2.79E-05,1.49E-06,1.76E+00,1.12E-01,9.83E-01,1.08E-03,3.96E-03,2.78E-05,3.06E-04,3.06E-04,1.61E-06,1.02E-01,2.79E-05,1.76E+00,0.000026,0.000048,0.003887,0.003162,81.261801,66.118487
67,0,1-to-1,Global,0,20,EQKLISEEDL-1498-dR,,0.00E+00,MS-a-Myc,1.00E+02,8.58E-06,1.42E-06,3.14E-09,6.73E-06,3.66E-04,7.85E-01,1.00E+00,7.85E-03,8.09E-04,3.96E-05,2.87E-04,2.87E-04,7.73E-06,9.02E-01,7.73E-06,9.02E-01,-0.000034,0.000191,0.00078,0.000729,4.086293,3.821586
68,0,1-to-1,Global,0,32,EQKLISEEDL-1671-dIm,,0.00E+00,MS-a-Myc,1.00E+02,1.75E-05,5.82E-07,3.23E-05,1.42E-06,1.85E+00,1.02E-01,9.82E-01,9.79E-04,3.61E-03,2.32E-05,2.66E-04,2.66E-04,1.54E-06,8.78E-02,3.23E-05,1.85E+00,-0.000007,0.00006,0.003614,0.002811,59.826789,46.545061
69,0,1-to-1,Global,0,9,EQKLISEEDL-1671-dR,,0.00E+00,MS-a-Myc,1.00E+02,6.81E-06,3.73E-06,1.53E-05,2.15E-05,2.25E+00,3.39E+00,9.78E-01,3.25E-02,2.86E-04,5.59E-05,2.85E-04,2.85E-04,2.27E-05,3.33E+00,2.27E-05,3.33E+00,-0.000063,0.000143,0.000225,0.000223,1.56697,1.555863
70,0,1-to-1,Global,0,12,EQKLISEEDL-1685-dIm,,0.00E+00,MS-a-Myc,1.00E+02,1.78E-05,5.77E-07,3.16E-05,1.47E-06,1.77E+00,1.01E-01,9.83E-01,9.72E-04,3.79E-03,2.56E-05,2.90E-04,2.90E-04,1.59E-06,8.94E-02,3.16E-05,1.77E+00,-0.000013,0.000038,0.003778,0.00304,98.6023,79.35179
71,0,1-to-1,Global,0,34,EQKLISEEDL-1685-dR,,0.00E+00,MS-a-Myc,1.00E+02,1.16E-05,3.47E-06,2.12E-07,2.20E-05,1.83E-02,1.90E+00,1.00E+00,1.90E-02,5.65E-04,4.09E-05,4.00E-04,4.00E-04,1.50E-05,1.30E+00,1.50E-05,1.30E+00,-0.000056,0.000192,0.000874,0.000421,4.562326,2.196841
72,0,1-to-1,Global,0,21,EQKLISEEDL-1829-dIm,,0.00E+00,MS-a-Myc,1.00E+02,1.67E-05,5.61E-07,3.64E-05,1.48E-06,2.18E+00,1.15E-01,9.79E-01,1.10E-03,3.91E-03,2.65E-05,2.92E-04,2.92E-04,1.56E-06,9.33E-02,3.64E-05,2.18E+00,0.000007,0.000051,0.003825,0.002978,74.777102,58.235029
73,0,1-to-1,Global,0,23,EQKLISEEDL-1829-dR,,0.00E+00,MS-a-Myc,1.00E+02,1.28E-05,5.11E-06,7.62E-05,2.18E-05,5.96E+00,2.93E+00,9.44E-01,2.61E-02,2.99E-04,3.44E-05,2.62E-04,2.62E-04,1.84E-05,1.44E+00,7.62E-05,5.96E+00,0.00002,0.000143,0.000331,0.000162,2.314163,1.133137
74,0,1-to-1,Global,0,28,EQKLISEEDL-1856-dIm,,0.00E+00,MS-a-Myc,1.00E+02,1.66E-05,5.04E-07,3.09E-05,1.31E-06,1.86E+00,9.71E-02,9.82E-01,9.35E-04,4.31E-03,2.61E-05,2.93E-04,2.93E-04,1.42E-06,8.55E-02,3.09E-05,1.86E+00,-0.000023,0.000055,0.004217,0.003367,76.330201,60.945373
75,0,1-to-1,Global,0,32,EQKLISEEDL-1856-dR,,0.00E+00,MS-a-Myc,1.00E+02,1.82E-05,2.84E-06,5.20E-06,6.13E-06,2.86E-01,3.40E-01,9.97E-01,3.38E-03,8.18E-04,2.32E-05,2.94E-04,2.94E-04,7.49E-06,4.12E-01,7.49E-06,4.12E-01,-0.000034,0.000191,0.000779,0.000777,4.078323,4.069288
76,0,1-to-1,Global,0,29,EQKLISEEDL-2061-dIm,,0.00E+00,MS-a-Myc,1.00E+02,1.73E-05,6.05E-07,2.89E-05,1.59E-06,1.67E+00,1.09E-01,9.84E-01,1.05E-03,3.76E-03,2.78E-05,3.13E-04,3.13E-04,1.73E-06,1.00E-01,2.89E-05,1.67E+00,-0.000011,0.000074,0.003698,0.002983,50.124039,40.436587
77,0,1-to-1,Global,0,17,EQKLISEEDL-2061-dR,,0.00E+00,MS-a-Myc,1.00E+02,2.09E-06,4.04E-06,1.94E-08,1.90E-05,9.30E-03,9.13E+00,1.00E+00,9.13E-02,5.87E-04,9.53E-04,2.96E-04,2.96E-04,1.99E-05,9.53E+00,1.99E-05,9.53E+00,0.000012,0.000215,0.000228,0.00032,1.060029,1.490283
78,0,1-to-1,Global,0,27,EQKLISEEDL-2074-dIm,,0.00E+00,MS-a-Myc,1.00E+02,1.62E-05,5.58E-07,2.62E-05,1.49E-06,1.62E+00,1.08E-01,9.84E-01,1.05E-03,3.66E-03,2.56E-05,2.87E-04,2.87E-04,1.63E-06,1.01E-01,2.62E-05,1.62E+00,-0.000038,0.000069,0.003535,0.003028,51.556208,44.160859
79,0,1-to-1,Global,0,8,EQKLISEEDL-2074-dR,,0.00E+00,MS-a-Myc,1.00E+02,1.47E-05,3.73E-06,2.21E-06,1.05E-05,1.51E-01,7.17E-01,9.99E-01,7.15E-03,4.59E-04,2.41E-05,2.77E-04,2.77E-04,1.26E-05,8.57E-01,1.26E-05,8.57E-01,-0.000033,0.000167,0.000349,0.000394,2.089745,2.359163
80,0,1-to-1,Global,0,25,EQKLISEEDL-2075-dIm,,0.00E+00,MS-a-Myc,1.00E+02,1.74E-05,6.51E-07,2.79E-05,1.60E-06,1.61E+00,1.10E-01,9.84E-01,1.07E-03,3.84E-03,2.79E-05,3.22E-04,3.22E-04,1.75E-06,1.01E-01,2.79E-05,1.61E+00,-0.000037,0.000059,0.003741,0.00304,62.966868,51.160798
81,0,1-to-1,Global,0,30,EQKLISEEDL-2075-dR,,0.00E+00,MS-a-Myc,1.00E+02,1.36E-05,2.17E-06,2.50E-08,7.57E-06,1.84E-03,5.58E-01,1.00E+00,5.58E-03,6.54E-04,2.53E-05,2.66E-04,2.66E-04,8.54E-06,6.30E-01,8.54E-06,6.30E-01,-0.000033,0.000192,0.000709,0.000659,3.69924,3.435353
82,0,1-to-1,Global,0,28,EQKLISEEDL-2082-dIm,,0.00E+00,MS-a-Myc,1.00E+02,1.65E-05,5.80E-07,3.90E-05,1.57E-06,2.37E+00,1.27E-01,9.77E-01,1.21E-03,3.75E-03,2.70E-05,2.93E-04,2.93E-04,1.63E-06,9.91E-02,3.90E-05,2.37E+00,-0.000012,0.00006,0.003663,0.002942,61.117744,49.077964
83,0,1-to-1,Global,0,20,EQKLISEEDL-2082-dR,,0.00E+00,MS-a-Myc,1.00E+02,1.17E-05,3.52E-06,5.82E-05,1.56E-05,4.96E+00,2.00E+00,9.53E-01,1.81E-02,4.04E-04,3.64E-05,2.71E-04,2.71E-04,1.41E-05,1.21E+00,5.82E-05,4.96E+00,0.000006,0.000143,0.000245,0.000316,1.704781,2.205272
84,0,1-to-1,Global,0,23,EQKLISEEDL-2164-dIm,,0.00E+00,MS-a-Myc,1.00E+02,1.69E-05,5.57E-07,3.03E-05,1.43E-06,1.80E+00,1.04E-01,9.82E-01,1.00E-03,4.12E-03,2.70E-05,3.05E-04,3.05E-04,1.55E-06,9.17E-02,3.03E-05,1.80E+00,0.00001,0.000059,0.004067,0.00319,68.801478,53.955363
85,0,1-to-1,Global,0,14,EQKLISEEDL-2164-dR,,0.00E+00,MS-a-Myc,1.00E+02,1.59E-05,2.48E-06,3.75E-05,7.01E-06,2.36E+00,5.76E-01,9.77E-01,5.49E-03,7.94E-04,2.59E-05,2.77E-04,2.77E-04,7.27E-06,4.58E-01,3.75E-05,2.36E+00,0,0.00019,0.000646,0.000666,3.394391,3.49846
86,0,1-to-1,Global,0,15,EQKLISEEDL-2217-dIm,,0.00E+00,MS-a-Myc,1.00E+02,1.61E-05,4.95E-07,2.98E-05,1.34E-06,1.85E+00,1.01E-01,9.82E-01,9.73E-04,4.23E-03,2.65E-05,2.93E-04,2.93E-04,1.45E-06,8.97E-02,2.98E-05,1.85E+00,-0.000016,0.000075,0.004097,0.003268,54.467576,43.447614
87,0,1-to-1,Global,0,11,EQKLISEEDL-2217-dR,,0.00E+00,MS-a-Myc,1.00E+02,1.07E-05,1.41E-06,1.67E-05,5.76E-06,1.55E+00,5.73E-01,9.85E-01,5.56E-03,9.44E-04,3.23E-05,2.78E-04,2.78E-04,6.26E-06,5.83E-01,1.67E-05,1.55E+00,0.000028,0.000191,0.000938,0.000886,4.920914,4.645609
88,0,1-to-1,Global,0,25,EQKLISEEDL-2219-dIm,,0.00E+00,MS-a-Myc,1.00E+02,1.56E-05,5.66E-07,3.12E-05,1.60E-06,2.00E+00,1.25E-01,9.80E-01,1.21E-03,4.12E-03,3.11E-05,3.36E-04,3.36E-04,1.71E-06,1.09E-01,3.12E-05,2.00E+00,-0.000027,0.000076,0.00395,0.003218,52.108662,42.451137
89,0,1-to-1,Global,0,26,EQKLISEEDL-2219-dR,,0.00E+00,MS-a-Myc,1.00E+02,9.76E-06,1.75E-06,6.58E-05,9.25E-06,6.74E+00,1.53E+00,9.37E-01,1.35E-02,7.54E-04,4.74E-05,2.76E-04,2.76E-04,7.86E-06,8.05E-01,6.58E-05,6.74E+00,-0.000014,0.000214,0.000631,0.000341,2.946273,1.593074
90,0,1-to-1,Global,0,12,EQKLISEEDL-2221-dIm,,0.00E+00,MS-a-Myc,1.00E+02,1.57E-05,5.35E-07,3.02E-05,1.49E-06,1.92E+00,1.15E-01,9.81E-01,1.11E-03,4.21E-03,2.97E-05,3.24E-04,3.24E-04,1.61E-06,1.02E-01,3.02E-05,1.92E+00,-0.00002,0.000048,0.004052,0.003261,84.277357,67.82346
91,0,1-to-1,Global,0,23,EQKLISEEDL-2221-dR,,0.00E+00,MS-a-Myc,1.00E+02,1.95E-05,3.16E-06,9.74E-06,6.34E-06,5.01E-01,3.36E-01,9.95E-01,3.33E-03,7.65E-04,2.17E-05,2.80E-04,2.80E-04,7.61E-06,3.91E-01,9.74E-06,5.01E-01,0.000033,0.000168,0.000826,0.000844,4.916619,5.023843
92,0,1-to-1,Global,0,27,EQKLISEEDL-2268-dIm,,0.00E+00,MS-a-Myc,1.00E+02,1.70E-05,7.13E-07,2.90E-05,1.81E-06,1.71E+00,1.28E-01,9.83E-01,1.24E-03,3.37E-03,2.78E-05,3.18E-04,3.18E-04,1.97E-06,1.16E-01,2.90E-05,1.71E+00,-0.000014,0.000048,0.00331,0.00272,68.29263,56.13474
93,0,1-to-1,Global,0,15,EQKLISEEDL-2268-dR,,0.00E+00,MS-a-Myc,1.00E+02,7.46E-06,1.71E-06,4.18E-05,9.91E-06,5.60E+00,1.85E+00,9.47E-01,1.66E-02,6.54E-04,5.26E-05,2.74E-04,2.74E-04,9.34E-06,1.25E+00,4.18E-05,5.60E+00,0.000037,0.00019,0.000755,0.000536,3.964099,2.817084
94,0,1-to-1,Global,0,12,EQKLISEEDL-2280-dIm,,0.00E+00,MS-a-Myc,1.00E+02,1.73E-05,6.76E-07,2.75E-05,1.66E-06,1.59E+00,1.15E-01,9.84E-01,1.11E-03,3.38E-03,2.57E-05,2.98E-04,2.98E-04,1.83E-06,1.06E-01,2.75E-05,1.59E+00,-0.000012,0.000081,0.003336,0.002761,41.014908,33.945524
95,0,1-to-1,Global,0,36,EQKLISEEDL-2280-dR,,0.00E+00,MS-a-Myc,1.00E+02,9.42E-06,1.38E-06,4.15E-07,3.56E-05,4.41E-02,3.78E+00,1.00E+00,3.77E-02,9.70E-04,3.93E-05,3.16E-04,3.16E-04,7.02E-06,7.45E-01,7.02E-06,7.45E-01,-0.000035,0.000239,0.000994,0.000968,4.154585,4.044403
96,0,1-to-1,Global,0,17,EQKLISEEDL-2356-dIm,,0.00E+00,MS-a-Myc,1.00E+02,1.62E-05,5.67E-07,3.51E-05,1.55E-06,2.17E+00,1.22E-01,9.79E-01,1.17E-03,3.85E-03,2.75E-05,3.00E-04,3.00E-04,1.63E-06,1.00E-01,3.51E-05,2.17E+00,0.000005,0.000075,0.003695,0.002937,49.547864,39.394112
97,0,1-to-1,Global,0,29,EQKLISEEDL-2356-dR,,0.00E+00,MS-a-Myc,1.00E+02,1.82E-05,5.32E-06,2.55E-05,1.22E-05,1.40E+00,7.88E-01,9.86E-01,7.66E-03,4.31E-04,2.36E-05,2.82E-04,2.82E-04,1.36E-05,7.48E-01,2.55E-05,1.40E+00,-0.000011,0.000191,0.000372,0.000227,1.951277,1.190835
98,0,1-to-1,Global,0,21,EQKLISEEDL-2442-dIm,,0.00E+00,MS-a-Myc,1.00E+02,1.72E-05,5.41E-07,2.69E-05,1.42E-06,1.56E+00,9.61E-02,9.85E-01,9.31E-04,4.10E-03,2.72E-05,3.07E-04,3.07E-04,1.56E-06,9.08E-02,2.69E-05,1.56E+00,-0.000002,0.000059,0.004165,0.003338,70.41963,56.450622
99,0,1-to-1,Global,0,28,EQKLISEEDL-2442-dR,,0.00E+00,MS-a-Myc,1.00E+02,1.05E-05,1.47E-06,2.24E-05,6.17E-06,2.13E+00,6.58E-01,9.79E-01,6.31E-03,9.01E-04,3.37E-05,2.78E-04,2.78E-04,6.57E-06,6.25E-01,2.24E-05,2.13E+00,-0.000002,0.000168,0.000984,0.000884,5.8651,5.266936
100,0,1-to-1,Global,0,24,EQKLISEEDL-2504-dIm,,0.00E+00,MS-a-Myc,1.00E+02,1.67E-05,5.23E-07,3.60E-05,1.38E-06,2.16E+00,1.07E-01,9.79E-01,1.02E-03,3.99E-03,2.51E-05,2.78E-04,2.78E-04,1.45E-06,8.70E-02,3.60E-05,2.16E+00,-0.000005,0.000091,0.003923,0.003029,43.24586,33.38499
101,0,1-to-1,Global,0,19,EQKLISEEDL-2504-dR,,0.00E+00,MS-a-Myc,1.00E+02,8.98E-06,4.30E-06,7.33E-09,2.00E-05,8.16E-04,2.23E+00,1.00E+00,2.23E-02,2.73E-04,3.74E-05,2.86E-04,2.86E-04,2.27E-05,2.53E+00,2.27E-05,2.53E+00,0.000029,0.000167,0.000222,0.000291,1.324921,1.734598
102,0,1-to-1,Global,0,30,EQKLISEEDL-2529-dIm,,0.00E+00,MS-a-Myc,1.00E+02,1.63E-05,5.47E-07,2.83E-05,1.56E-06,1.73E+00,1.12E-01,9.83E-01,1.08E-03,4.25E-03,3.15E-05,3.42E-04,3.42E-04,1.68E-06,1.03E-01,2.83E-05,1.73E+00,-0.000011,0.00006,0.004123,0.003368,68.972127,56.332381
103,0,1-to-1,Global,0,27,EQKLISEEDL-2529-dR,,0.00E+00,MS-a-Myc,1.00E+02,5.73E-06,1.68E-06,2.29E-09,1.03E-05,4.00E-04,1.80E+00,1.00E+00,1.80E-02,6.22E-04,7.13E-05,3.01E-04,3.01E-04,1.15E-05,2.01E+00,1.15E-05,2.01E+00,-0.000012,0.000191,0.000394,0.000772,2.065007,4.049336
104,0,1-to-1,Global,0,16,EQKLISEEDL-2626-dIm,,0.00E+00,MS-a-Myc,1.00E+02,1.65E-05,6.53E-07,3.10E-05,1.72E-06,1.87E+00,1.28E-01,9.82E-01,1.23E-03,3.57E-03,2.83E-05,3.16E-04,3.16E-04,1.85E-06,1.12E-01,3.10E-05,1.87E+00,0.000003,0.000048,0.003471,0.002813,72.28917,58.588778
105,0,1-to-1,Global,0,12,EQKLISEEDL-2626-dR,,0.00E+00,MS-a-Myc,1.00E+02,2.62E-06,3.36E-06,4.43E-05,3.22E-05,1.70E+01,2.50E+01,8.55E-01,1.83E-01,3.42E-04,2.66E-04,2.82E-04,2.82E-04,2.81E-05,1.07E+01,4.43E-05,1.70E+01,0.000038,0.000143,0.000205,0.000204,1.436479,1.427309
106,0,1-to-1,Global,0,31,EQKLISEEDL-2628-dIm,,0.00E+00,MS-a-Myc,1.00E+02,1.68E-05,5.44E-07,3.36E-05,1.52E-06,2.00E+00,1.11E-01,9.80E-01,1.07E-03,3.60E-03,2.54E-05,2.76E-04,2.76E-04,1.60E-06,9.53E-02,3.36E-05,2.00E+00,-0.000013,0.000055,0.003597,0.002713,65.096483,49.103462
107,0,1-to-1,Global,0,28,EQKLISEEDL-2628-dR,,0.00E+00,MS-a-Myc,1.00E+02,1.68E-05,2.14E-06,6.42E-05,6.08E-06,3.82E+00,6.06E-01,9.63E-01,5.62E-03,1.05E-03,2.80E-05,2.85E-04,2.85E-04,5.65E-06,3.37E-01,6.42E-05,3.82E+00,0.000039,0.000119,0.001016,0.000515,8.532025,4.325299
108,0,1-to-1,Global,0,23,EQKLISEEDL-2651-dIm,,0.00E+00,MS-a-Myc,1.00E+02,1.57E-05,5.97E-07,2.74E-05,1.66E-06,1.74E+00,1.25E-01,9.83E-01,1.20E-03,3.50E-03,2.74E-05,3.02E-04,3.02E-04,1.80E-06,1.14E-01,2.74E-05,1.74E+00,-0.000002,0.000051,0.003485,0.002828,68.73078,55.787576
109,0,1-to-1,Global,0,14,EQKLISEEDL-2651-dR,,0.00E+00,MS-a-Myc,1.00E+02,1.23E-05,1.42E-06,4.41E-05,5.48E-06,3.58E+00,6.09E-01,9.65E-01,5.68E-03,1.03E-03,3.00E-05,2.63E-04,2.63E-04,5.35E-06,4.35E-01,4.41E-05,3.58E+00,0.000012,0.000168,0.000876,0.000634,5.221149,3.777253
110,0,1-to-1,Global,0,19,EQKLISEEDL-2670-dIm,,0.00E+00,MS-a-Myc,1.00E+02,1.53E-05,5.25E-07,3.52E-05,1.65E-06,2.30E+00,1.33E-01,9.78E-01,1.27E-03,3.61E-03,2.90E-05,2.95E-04,2.95E-04,1.71E-06,1.11E-01,3.52E-05,2.30E+00,-0.000016,0.000056,0.003518,0.002793,63.027025,50.046246
111,0,1-to-1,Global,0,25,EQKLISEEDL-2670-dR,,0.00E+00,MS-a-Myc,1.00E+02,1.50E-05,2.66E-06,6.24E-05,8.64E-06,4.16E+00,9.37E-01,9.60E-01,8.64E-03,7.47E-04,2.99E-05,2.85E-04,2.85E-04,7.97E-06,5.32E-01,6.24E-05,4.16E+00,0.000065,0.000166,0.000758,0.000397,4.556354,2.385981
112,0,1-to-1,Global,0,19,EQKLISEEDL-2738-dIm,,0.00E+00,MS-a-Myc,1.00E+02,1.57E-05,5.33E-07,3.38E-05,1.51E-06,2.15E+00,1.21E-01,9.79E-01,1.16E-03,3.77E-03,2.67E-05,2.87E-04,2.87E-04,1.59E-06,1.01E-01,3.38E-05,2.15E+00,-0.000021,0.000062,0.003689,0.002895,59.147009,46.403937
113,0,1-to-1,Global,0,27,EQKLISEEDL-2738-dR,,0.00E+00,MS-a-Myc,1.00E+02,1.72E-05,2.22E-06,5.54E-05,5.98E-06,3.22E+00,5.41E-01,9.69E-01,5.08E-03,9.78E-04,2.57E-05,2.72E-04,2.72E-04,5.80E-06,3.37E-01,5.54E-05,3.22E+00,0.000016,0.000167,0.001019,0.000539,6.104339,3.22916
114,0,1-to-1,Global,0,16,EQKLISEEDL-2744-dIm,,0.00E+00,MS-a-Myc,1.00E+02,1.59E-05,4.58E-07,2.95E-05,1.26E-06,1.85E+00,9.57E-02,9.82E-01,9.23E-04,3.81E-03,2.26E-05,2.48E-04,2.48E-04,1.36E-06,8.54E-02,2.95E-05,1.85E+00,-0.00001,0.000081,0.003722,0.003061,46.155882,37.954136
115,0,1-to-1,Global,0,9,EQKLISEEDL-2744-dR,,0.00E+00,MS-a-Myc,1.00E+02,9.17E-06,1.99E-06,2.52E-05,9.54E-06,2.75E+00,1.20E+00,9.73E-01,1.14E-02,6.34E-04,4.07E-05,2.88E-04,2.88E-04,9.82E-06,1.07E+00,2.52E-05,2.75E+00,-0.000042,0.000143,0.000577,0.000434,4.031558,3.027855
116,0,1-to-1,Global,0,18,EQKLISEEDL-2780-dIm,,0.00E+00,MS-a-Myc,1.00E+02,1.51E-05,4.95E-07,3.44E-05,1.56E-06,2.27E+00,1.27E-01,9.78E-01,1.22E-03,3.90E-03,3.01E-05,3.05E-04,3.05E-04,1.63E-06,1.08E-01,3.44E-05,2.27E+00,-0.000053,0.000054,0.003768,0.003018,69.95258,56.037692
117,0,1-to-1,Global,0,19,EQKLISEEDL-2780-dR,,0.00E+00,MS-a-Myc,1.00E+02,8.19E-06,1.93E-06,5.30E-05,1.08E-05,6.47E+00,2.01E+00,9.39E-01,1.78E-02,6.03E-04,4.76E-05,2.67E-04,2.67E-04,9.70E-06,1.18E+00,5.30E-05,6.47E+00,0.000023,0.000143,0.000691,0.000547,4.830399,3.82079
118,0,1-to-1,Global,0,24,EQKLISEEDL-2817-dIm,,0.00E+00,MS-a-Myc,1.00E+02,1.57E-05,5.41E-07,4.11E-05,1.57E-06,2.62E+00,1.35E-01,9.75E-01,1.28E-03,3.96E-03,2.89E-05,3.03E-04,3.03E-04,1.60E-06,1.02E-01,4.11E-05,2.62E+00,-0.000055,0.000107,0.003857,0.002831,36.011568,26.435524
119,0,1-to-1,Global,0,27,EQKLISEEDL-2817-dR,,0.00E+00,MS-a-Myc,1.00E+02,1.76E-05,4.60E-06,4.94E-05,1.18E-05,2.80E+00,9.91E-01,9.73E-01,9.38E-03,5.10E-04,2.64E-05,2.88E-04,2.88E-04,1.18E-05,6.69E-01,4.94E-05,2.80E+00,0.000022,0.000167,0.000595,0.000379,3.565429,2.269621
120,0,1-to-1,Global,0,17,EQKLISEEDL-2868-dIm,,0.00E+00,MS-a-Myc,1.00E+02,1.57E-05,5.55E-07,3.51E-05,1.58E-06,2.24E+00,1.29E-01,9.78E-01,1.23E-03,3.92E-03,2.91E-05,3.11E-04,3.11E-04,1.66E-06,1.06E-01,3.51E-05,2.24E+00,-0.000018,0.000066,0.00381,0.002932,57.379796,44.156185
121,0,1-to-1,Global,0,15,EQKLISEEDL-2868-dR,,0.00E+00,MS-a-Myc,1.00E+02,1.99E-05,4.86E-06,1.10E-05,9.40E-06,5.53E-01,4.91E-01,9.95E-01,4.85E-03,4.84E-04,2.04E-05,2.64E-04,2.64E-04,1.13E-05,5.69E-01,1.13E-05,5.69E-01,0.00002,0.000167,0.000404,0.000449,2.42248,2.691903
122,0,1-to-1,Global,0,20,EQKLISEEDL-2886-dIm,,0.00E+00,MS-a-Myc,1.00E+02,1.55E-05,5.09E-07,3.35E-05,1.47E-06,2.17E+00,1.19E-01,9.79E-01,1.14E-03,4.15E-03,2.88E-05,3.07E-04,3.07E-04,1.55E-06,1.00E-01,3.35E-05,2.17E+00,-0.000006,0.000059,0.003954,0.003242,67.367934,55.234818
123,0,1-to-1,Global,0,12,EQKLISEEDL-2886-dR,,0.00E+00,MS-a-Myc,1.00E+02,1.33E-05,2.99E-06,1.81E-05,9.81E-06,1.37E+00,8.02E-01,9.87E-01,7.81E-03,5.76E-04,2.95E-05,3.00E-04,3.00E-04,1.09E-05,8.26E-01,1.81E-05,1.37E+00,-0.000041,0.000119,0.000436,0.000458,3.656112,3.838301
124,0,1-to-1,Global,0,16,EQKLISEEDL-2891-dIm,,0.00E+00,MS-a-Myc,1.00E+02,1.69E-05,5.51E-07,2.83E-05,1.40E-06,1.67E+00,9.92E-02,9.84E-01,9.59E-04,4.16E-03,2.67E-05,3.04E-04,3.04E-04,1.53E-06,9.03E-02,2.83E-05,1.67E+00,-0.000013,0.000054,0.004092,0.003323,76.399147,62.040186
125,0,1-to-1,Global,0,31,EQKLISEEDL-2891-dR,,0.00E+00,MS-a-Myc,1.00E+02,1.96E-05,4.28E-06,9.14E-06,8.50E-06,4.67E-01,4.45E-01,9.95E-01,4.41E-03,5.82E-04,2.21E-05,2.86E-04,2.86E-04,1.02E-05,5.22E-01,1.02E-05,5.22E-01,-0.000002,0.000167,0.000525,0.000565,3.136425,3.374739
126,0,1-to-1,Global,0,30,EQKLISEEDL-2914-dIm,,0.00E+00,MS-a-Myc,1.00E+02,1.52E-05,4.97E-07,3.93E-05,1.49E-06,2.59E+00,1.30E-01,9.75E-01,1.24E-03,3.88E-03,2.74E-05,2.84E-04,2.84E-04,1.52E-06,1.01E-01,3.93E-05,2.59E+00,-0.00001,0.000048,0.003745,0.002889,78.308381,60.417272
127,0,1-to-1,Global,0,13,EQKLISEEDL-2914-dR,,0.00E+00,MS-a-Myc,1.00E+02,1.21E-05,2.37E-06,3.05E-05,8.96E-06,2.53E+00,8.92E-01,9.75E-01,8.49E-03,6.06E-04,2.94E-05,2.67E-04,2.67E-04,9.24E-06,7.65E-01,3.05E-05,2.53E+00,0.000046,0.000167,0.000669,0.000572,3.994205,3.415404
128,0,1-to-1,Global,0,12,EQKLISEEDL-3024-dIm,,0.00E+00,MS-a-Myc,1.00E+02,1.62E-05,5.42E-07,3.62E-05,1.47E-06,2.23E+00,1.17E-01,9.78E-01,1.12E-03,3.67E-03,2.51E-05,2.74E-04,2.74E-04,1.55E-06,9.55E-02,3.62E-05,2.23E+00,-0.000003,0.000072,0.00362,0.002714,50.023004,37.505876
129,0,1-to-1,Global,0,16,EQKLISEEDL-3024-dR,,0.00E+00,MS-a-Myc,1.00E+02,1.23E-05,3.46E-06,4.03E-05,1.32E-05,3.28E+00,1.42E+00,9.68E-01,1.33E-02,4.23E-04,2.96E-05,2.63E-04,2.63E-04,1.30E-05,1.06E+00,4.03E-05,3.28E+00,0.000007,0.000143,0.000223,0.000364,1.555301,2.544418
130,0,1-to-1,Global,0,19,EQKLISEEDL-3047-dIm,,0.00E+00,MS-a-Myc,1.00E+02,1.64E-05,5.34E-07,3.07E-05,1.42E-06,1.87E+00,1.06E-01,9.82E-01,1.02E-03,3.75E-03,2.46E-05,2.74E-04,2.74E-04,1.52E-06,9.26E-02,3.07E-05,1.87E+00,-0.000021,0.000058,0.003687,0.002966,63.664438,51.222395
131,0,1-to-1,Global,0,15,EQKLISEEDL-3047-dR,,0.00E+00,MS-a-Myc,1.00E+02,1.04E-05,1.98E-06,2.54E-05,8.50E-06,2.44E+00,9.38E-01,9.76E-01,8.94E-03,6.86E-04,3.53E-05,2.85E-04,2.85E-04,8.83E-06,8.48E-01,2.54E-05,2.44E+00,-0.000035,0.000189,0.000519,0.000438,2.747956,2.316036
132,0,1-to-1,Global,0,16,EQKLISEEDL-3051-dIm,,0.00E+00,MS-a-Myc,1.00E+02,1.68E-05,5.37E-07,3.15E-05,1.39E-06,1.87E+00,1.02E-01,9.82E-01,9.79E-04,3.76E-03,2.38E-05,2.68E-04,2.68E-04,1.48E-06,8.81E-02,3.15E-05,1.87E+00,-0.000016,0.000073,0.003685,0.002987,50.431209,40.8813
133,0,1-to-1,Global,0,12,EQKLISEEDL-3051-dR,,0.00E+00,MS-a-Myc,1.00E+02,1.43E-05,2.54E-06,6.76E-05,8.87E-06,4.74E+00,1.05E+00,9.55E-01,9.55E-03,7.46E-04,3.13E-05,2.83E-04,2.83E-04,7.91E-06,5.55E-01,6.76E-05,4.74E+00,-0.000015,0.000191,0.000607,0.000411,3.185187,2.157755
134,0,1-to-1,Global,0,21,EQKLISEEDL-3073-dIm,,0.00E+00,MS-a-Myc,1.00E+02,1.66E-05,5.37E-07,3.69E-05,1.43E-06,2.22E+00,1.13E-01,9.78E-01,1.08E-03,3.75E-03,2.46E-05,2.70E-04,2.70E-04,1.50E-06,9.03E-02,3.69E-05,2.22E+00,-0.000006,0.000061,0.003634,0.002839,59.379881,46.391173
135,0,1-to-1,Global,0,7,EQKLISEEDL-3073-dR,,0.00E+00,MS-a-Myc,1.00E+02,1.30E-05,5.23E-06,5.97E-05,1.96E-05,4.59E+00,2.38E+00,9.56E-01,2.18E-02,3.34E-04,3.31E-05,2.88E-04,2.88E-04,1.81E-05,1.39E+00,5.97E-05,4.59E+00,-0.000054,0.000096,0.000183,0.000328,1.899488,3.41149
136,0,1-to-1,Global,0,23,EQKLISEEDL-3085-dIm,,0.00E+00,MS-a-Myc,1.00E+02,1.57E-05,5.47E-07,3.43E-05,1.56E-06,2.19E+00,1.25E-01,9.79E-01,1.20E-03,3.89E-03,2.84E-05,3.05E-04,3.05E-04,1.63E-06,1.04E-01,3.43E-05,2.19E+00,-0.000044,0.000045,0.003734,0.002958,82.858124,65.635567
137,0,1-to-1,Global,0,29,EQKLISEEDL-3085-dR,,0.00E+00,MS-a-Myc,1.00E+02,2.06E-05,4.67E-06,4.73E-05,9.73E-06,2.30E+00,7.05E-01,9.78E-01,6.74E-03,5.44E-04,2.21E-05,2.61E-04,2.61E-04,9.97E-06,4.85E-01,4.73E-05,2.30E+00,0.000034,0.000143,0.000418,0.000627,2.923342,4.383469
138,0,1-to-1,Global,0,17,EQKLISEEDL-3193-dIm,,0.00E+00,MS-a-Myc,1.00E+02,1.52E-05,5.02E-07,3.66E-05,1.49E-06,2.40E+00,1.26E-01,9.77E-01,1.20E-03,4.15E-03,2.92E-05,3.06E-04,3.06E-04,1.54E-06,1.01E-01,3.66E-05,2.40E+00,-0.000016,0.000041,0.003992,0.003119,98.080986,76.640706
139,0,1-to-1,Global,0,19,EQKLISEEDL-3193-dR,,0.00E+00,MS-a-Myc,1.00E+02,7.84E-06,2.08E-06,2.02E-05,1.11E-05,2.57E+00,1.57E+00,9.75E-01,1.49E-02,5.38E-04,4.66E-05,2.80E-04,2.80E-04,1.15E-05,1.46E+00,2.02E-05,2.57E+00,0.000017,0.000143,0.000351,0.000373,2.452343,2.604661
140,0,1-to-1,Global,0,13,EQKLISEEDL-3199-dIm,,0.00E+00,MS-a-Myc,1.00E+02,1.66E-05,5.32E-07,3.15E-05,1.40E-06,1.90E+00,1.04E-01,9.81E-01,1.00E-03,4.11E-03,2.65E-05,2.96E-04,2.96E-04,1.50E-06,9.04E-02,3.15E-05,1.90E+00,-0.000031,0.000054,0.004036,0.003185,74.453388,58.76094
141,0,1-to-1,Global,0,23,EQKLISEEDL-3199-dR,,0.00E+00,MS-a-Myc,1.00E+02,1.95E-05,2.91E-06,2.25E-05,6.02E-06,1.15E+00,3.53E-01,9.89E-01,3.45E-03,9.18E-04,2.44E-05,3.02E-04,3.02E-04,6.83E-06,3.50E-01,2.25E-05,1.15E+00,-0.000042,0.000145,0.000867,0.00086,5.982104,5.934251
142,0,1-to-1,Global,0,21,EQKLISEEDL-3248-dIm,,0.00E+00,MS-a-Myc,1.00E+02,1.49E-05,4.57E-07,3.60E-05,1.39E-06,2.42E+00,1.19E-01,9.76E-01,1.14E-03,4.20E-03,2.79E-05,2.89E-04,2.89E-04,1.44E-06,9.64E-02,3.60E-05,2.42E+00,-0.000066,0.00007,0.004104,0.003222,58.47366,45.903179
143,0,1-to-1,Global,0,23,EQKLISEEDL-3248-dR,,0.00E+00,MS-a-Myc,1.00E+02,1.67E-05,2.29E-06,4.03E-05,6.07E-06,2.41E+00,4.90E-01,9.77E-01,4.67E-03,8.72E-04,2.41E-05,2.64E-04,2.64E-04,6.30E-06,3.76E-01,4.03E-05,2.41E+00,-0.000004,0.000143,0.000948,0.000734,6.630228,5.135649
144,0,1-to-1,Global,0,19,EQKLISEEDL-3290-dIm,,0.00E+00,MS-a-Myc,1.00E+02,1.56E-05,4.74E-07,3.61E-05,1.36E-06,2.31E+00,1.12E-01,9.77E-01,1.07E-03,4.14E-03,2.64E-05,2.81E-04,2.81E-04,1.41E-06,9.05E-02,3.61E-05,2.31E+00,-0.000032,0.000054,0.004,0.003028,74.402895,56.331313
145,0,1-to-1,Global,0,13,EQKLISEEDL-3290-dR,,0.00E+00,MS-a-Myc,1.00E+02,1.07E-05,1.94E-06,7.44E-05,9.78E-06,6.98E+00,1.57E+00,9.35E-01,1.37E-02,7.13E-04,4.30E-05,2.71E-04,2.71E-04,8.05E-06,7.56E-01,7.44E-05,6.98E+00,0.000014,0.000143,0.000661,0.000299,4.624187,2.092983
146,0,1-to-1,Global,0,30,EQKLISEEDL-3449-dIm,,0.00E+00,MS-a-Myc,1.00E+02,1.57E-05,5.26E-07,3.64E-05,1.50E-06,2.32E+00,1.23E-01,9.77E-01,1.18E-03,3.89E-03,2.74E-05,2.92E-04,2.92E-04,1.56E-06,9.95E-02,3.64E-05,2.32E+00,-0.000007,0.000045,0.003882,0.002948,86.917684,65.998251
147,0,1-to-1,Global,0,22,EQKLISEEDL-3449-dR,,0.00E+00,MS-a-Myc,1.00E+02,1.88E-05,3.63E-06,5.20E-05,8.64E-06,2.77E+00,7.07E-01,9.73E-01,6.69E-03,6.50E-04,2.40E-05,2.69E-04,2.69E-04,8.59E-06,4.58E-01,5.20E-05,2.77E+00,0.000045,0.000143,0.000501,0.000448,3.500873,3.127801
148,0,1-to-1,Global,0,28,EQKLISEEDL-3534-dIm,,0.00E+00,MS-a-Myc,1.00E+02,1.50E-05,4.67E-07,3.11E-05,1.38E-06,2.07E+00,1.12E-01,9.80E-01,1.08E-03,4.23E-03,2.81E-05,2.97E-04,2.97E-04,1.46E-06,9.72E-02,3.11E-05,2.07E+00,-0.000053,0.00007,0.004078,0.003301,58.052466,46.99
149,0,1-to-1,Global,0,21,EQKLISEEDL-3534-dR,,0.00E+00,MS-a-Myc,1.00E+02,1.45E-05,1.71E-06,4.89E-05,5.55E-06,3.37E+00,5.51E-01,9.67E-01,5.16E-03,1.07E-03,2.85E-05,2.78E-04,2.78E-04,5.41E-06,3.72E-01,4.89E-05,3.37E+00,0.000031,0.000192,0.001064,0.000652,5.541978,3.395473
150,0,1-to-1,Global,0,19,EQKLISEEDL-3566-dIm,,0.00E+00,MS-a-Myc,1.00E+02,1.55E-05,4.56E-07,3.07E-05,1.40E-06,1.98E+00,1.08E-01,9.81E-01,1.04E-03,4.18E-03,2.85E-05,2.96E-04,2.96E-04,1.47E-06,9.53E-02,3.07E-05,1.98E+00,-0.000039,0.000076,0.004029,0.003285,52.870751,43.104694
151,0,1-to-1,Global,0,27,EQKLISEEDL-3566-dR,,0.00E+00,MS-a-Myc,1.00E+02,1.60E-05,2.74E-06,7.65E-05,8.55E-06,4.77E+00,9.73E-01,9.55E-01,8.86E-03,8.15E-04,3.07E-05,2.92E-04,2.92E-04,7.45E-06,4.65E-01,7.65E-05,4.77E+00,0.000013,0.00019,0.000774,0.000512,4.066659,2.69033
152,0,1-to-1,Global,0,38,EQKLISEEDL-3573-dIm,,0.00E+00,MS-a-Myc,1.00E+02,1.63E-05,4.49E-07,2.96E-05,1.29E-06,1.82E+00,9.39E-02,9.82E-01,9.06E-04,4.33E-03,2.66E-05,2.87E-04,2.87E-04,1.38E-06,8.46E-02,2.96E-05,1.82E+00,-0.000029,0.000058,0.00422,0.003404,72.868945,58.777527
153,0,1-to-1,Global,0,14,EQKLISEEDL-3573-dR,,0.00E+00,MS-a-Myc,1.00E+02,1.63E-05,2.02E-06,5.02E-05,5.76E-06,3.09E+00,5.23E-01,9.70E-01,4.92E-03,1.07E-03,2.79E-05,2.90E-04,2.90E-04,5.65E-06,3.48E-01,5.02E-05,3.09E+00,0.000036,0.000145,0.001165,0.000729,8.014374,5.010999
154,0,1-to-1,Global,0,13,EQKLISEEDL-3608-dIm,,0.00E+00,MS-a-Myc,1.00E+02,1.57E-05,4.23E-07,3.48E-05,1.29E-06,2.22E+00,1.01E-01,9.78E-01,9.70E-04,4.09E-03,2.53E-05,2.62E-04,2.62E-04,1.34E-06,8.50E-02,3.48E-05,2.22E+00,-0.000005,0.000068,0.003946,0.00315,58.111511,46.378845
155,0,1-to-1,Global,0,16,EQKLISEEDL-3608-dR,,0.00E+00,MS-a-Myc,1.00E+02,8.11E-06,1.89E-06,1.03E-04,1.23E-05,1.27E+01,3.32E+00,8.88E-01,2.61E-02,6.85E-04,6.80E-05,2.69E-04,2.69E-04,8.62E-06,1.06E+00,1.03E-04,1.27E+01,0.000019,0.000285,0.000475,0.000302,1.668463,1.061296
156,0,1-to-1,Global,0,13,EQKLISEEDL-3651-dIm,,0.00E+00,MS-a-Myc,1.00E+02,1.51E-05,4.71E-07,4.12E-05,1.43E-06,2.73E+00,1.27E-01,9.73E-01,1.21E-03,4.06E-03,2.75E-05,2.82E-04,2.82E-04,1.45E-06,9.57E-02,4.12E-05,2.73E+00,0.00002,0.000064,0.003937,0.00307,61.829299,48.214521
157,0,1-to-1,Global,0,9,EQKLISEEDL-3651-dR,,0.00E+00,MS-a-Myc,1.00E+02,8.78E-06,1.75E-06,7.52E-05,9.91E-06,8.56E+00,2.04E+00,9.21E-01,1.73E-02,7.44E-04,4.91E-05,2.75E-04,2.75E-04,8.01E-06,9.12E-01,7.52E-05,8.56E+00,-0.000018,0.000143,0.000817,0.00041,5.709174,2.867172
158,0,1-to-1,Global,0,32,EQKLISEEDL-3680-dIm,,0.00E+00,MS-a-Myc,1.00E+02,1.53E-05,4.27E-07,2.66E-05,1.31E-06,1.74E+00,9.84E-02,9.83E-01,9.51E-04,4.36E-03,2.81E-05,2.95E-04,2.95E-04,1.41E-06,9.18E-02,2.66E-05,1.74E+00,-0.000011,0.00009,0.004266,0.003444,47.357588,38.235131
159,0,1-to-1,Global,0,25,EQKLISEEDL-3680-dR,,0.00E+00,MS-a-Myc,1.00E+02,1.32E-05,1.40E-06,4.72E-05,5.04E-06,3.58E+00,5.38E-01,9.66E-01,5.02E-03,1.17E-03,2.97E-05,2.72E-04,2.72E-04,4.88E-06,3.69E-01,4.72E-05,3.58E+00,-0.00002,0.000286,0.001128,0.00079,3.942502,2.763013
160,0,1-to-1,Global,0,25,EQKLISEEDL-3700-dIm,,0.00E+00,MS-a-Myc,1.00E+02,1.62E-05,5.85E-07,4.62E-05,1.65E-06,2.85E+00,1.45E-01,9.72E-01,1.37E-03,3.59E-03,2.70E-05,2.85E-04,2.85E-04,1.65E-06,1.02E-01,4.62E-05,2.85E+00,-0.000034,0.000057,0.003508,0.002529,61.694492,44.479488
161,0,1-to-1,Global,0,22,EQKLISEEDL-3700-dR,,0.00E+00,MS-a-Myc,1.00E+02,1.43E-05,3.40E-06,2.91E-05,1.06E-05,2.03E+00,8.82E-01,9.80E-01,8.47E-03,4.72E-04,2.46E-05,2.54E-04,2.54E-04,1.12E-05,7.83E-01,2.91E-05,2.03E+00,0.000047,0.000191,0.00055,0.000429,2.882984,2.247183
162,0,1-to-1,Global,0,10,EQKLISEEDL-3756-dIm,,0.00E+00,MS-a-Myc,1.00E+02,1.58E-05,4.93E-07,3.88E-05,1.41E-06,2.45E+00,1.17E-01,9.76E-01,1.12E-03,3.82E-03,2.50E-05,2.65E-04,2.65E-04,1.45E-06,9.15E-02,3.88E-05,2.45E+00,-0.000011,0.000052,0.003681,0.002828,70.767002,54.365584
163,0,1-to-1,Global,0,19,EQKLISEEDL-3756-dR,,0.00E+00,MS-a-Myc,1.00E+02,1.39E-05,3.20E-06,6.17E-05,1.13E-05,4.44E+00,1.31E+00,9.58E-01,1.20E-02,5.73E-04,3.14E-05,2.84E-04,2.84E-04,1.04E-05,7.46E-01,6.17E-05,4.44E+00,0.000041,0.000096,0.00059,0.000374,6.175094,3.911542
164,0,1-to-1,Global,0,25,EQKLISEEDL-3768-dIm,,0.00E+00,MS-a-Myc,1.00E+02,1.71E-05,5.47E-07,2.73E-05,1.37E-06,1.60E+00,9.51E-02,9.84E-01,9.21E-04,3.84E-03,2.40E-05,2.76E-04,2.76E-04,1.50E-06,8.76E-02,2.73E-05,1.60E+00,-0.000026,0.00005,0.00377,0.003049,75.25044,60.861703
165,0,1-to-1,Global,0,12,EQKLISEEDL-3768-dR,,0.00E+00,MS-a-Myc,1.00E+02,2.27E-05,5.02E-06,9.19E-06,8.06E-06,4.05E-01,3.66E-01,9.96E-01,3.63E-03,5.53E-04,1.94E-05,2.64E-04,2.64E-04,9.90E-06,4.36E-01,9.90E-06,4.36E-01,0.000011,0.00019,0.000487,0.000584,2.561123,3.07145
166,0,1-to-1,Global,0,26,EQKLISEEDL-3784-dIm,,0.00E+00,MS-a-Myc,1.00E+02,1.53E-05,4.36E-07,2.66E-05,1.34E-06,1.74E+00,1.00E-01,9.83E-01,9.68E-04,4.00E-03,2.63E-05,2.76E-04,2.76E-04,1.43E-06,9.35E-02,2.66E-05,1.74E+00,-0.000008,0.000051,0.00391,0.003207,76.413401,62.669516
167,0,1-to-1,Global,0,19,EQKLISEEDL-3784-dR,,0.00E+00,MS-a-Myc,1.00E+02,1.22E-05,2.27E-06,5.66E-05,9.10E-06,4.64E+00,1.14E+00,9.56E-01,1.04E-02,6.74E-04,3.22E-05,2.68E-04,2.68E-04,8.35E-06,6.84E-01,5.66E-05,4.64E+00,0,0.00019,0.000527,0.000285,2.763978,1.497127
168,0,1-to-1,Global,0,32,EQKLISEEDL-3900-dIm,,0.00E+00,MS-a-Myc,1.00E+02,1.62E-05,5.35E-07,5.20E-05,1.52E-06,3.21E+00,1.42E-01,9.69E-01,1.33E-03,3.68E-03,2.56E-05,2.65E-04,2.65E-04,1.50E-06,9.23E-02,5.20E-05,3.21E+00,-0.000017,0.000049,0.003642,0.002549,74.670607,52.255506
169,0,1-to-1,Global,0,9,EQKLISEEDL-3900-dR,,0.00E+00,MS-a-Myc,1.00E+02,3.96E-05,3.46E-05,1.49E-05,2.54E-05,3.77E-01,7.21E-01,9.96E-01,7.16E-03,1.83E-04,1.85E-05,2.82E-04,2.82E-04,3.19E-05,8.06E-01,3.19E-05,8.06E-01,0.000046,0.000144,0.000073,0.000141,0.507399,0.976833
170,0,1-to-1,Global,0,24,EQKLISEEDL-3901-dIm,,0.00E+00,MS-a-Myc,1.00E+02,1.55E-05,4.99E-07,5.19E-05,1.51E-06,3.35E+00,1.45E-01,9.68E-01,1.36E-03,3.54E-03,2.47E-05,2.49E-04,2.49E-04,1.46E-06,9.44E-02,5.19E-05,3.35E+00,-0.000013,0.000046,0.00354,0.002393,76.364319,51.614159
171,0,1-to-1,Global,0,10,EQKLISEEDL-3901-dR,,0.00E+00,MS-a-Myc,1.00E+02,6.39E-07,1.49E-06,2.73E-04,5.60E-05,4.27E+02,9.98E+02,1.90E-01,3.59E-01,1.98E-03,3.88E-03,2.73E-04,2.73E-04,1.39E-05,2.17E+01,2.73E-04,4.27E+02,-0.00002,0.000191,0.000221,0.000099,1.156721,0.517182
172,0,1-to-1,Global,0,25,EQKLISEEDL-3921-dIm,,0.00E+00,MS-a-Myc,1.00E+02,1.50E-05,4.20E-07,3.39E-05,1.34E-06,2.27E+00,1.10E-01,9.78E-01,1.05E-03,4.18E-03,2.79E-05,2.81E-04,2.81E-04,1.40E-06,9.35E-02,3.39E-05,2.27E+00,-0.000012,0.000039,0.004049,0.003203,103.930518,82.21714
173,0,1-to-1,Global,0,24,EQKLISEEDL-3921-dR,,0.00E+00,MS-a-Myc,1.00E+02,9.46E-06,1.56E-06,3.07E-05,7.74E-06,3.25E+00,9.77E-01,9.69E-01,9.17E-03,7.79E-04,4.37E-05,2.79E-04,2.79E-04,7.69E-06,8.13E-01,3.07E-05,3.25E+00,0.000099,0.000239,0.000626,0.000524,2.625253,2.197564
174,0,1-to-1,Global,0,18,EQKLISEEDL-3965-dIm,,0.00E+00,MS-a-Myc,1.00E+02,1.55E-05,4.42E-07,4.35E-05,1.39E-06,2.81E+00,1.21E-01,9.73E-01,1.14E-03,4.11E-03,2.77E-05,2.76E-04,2.76E-04,1.40E-06,9.05E-02,4.35E-05,2.81E+00,-0.000028,0.000058,0.00394,0.003044,68.032238,52.555617
175,0,1-to-1,Global,0,21,EQKLISEEDL-3965-dR,,0.00E+00,MS-a-Myc,1.00E+02,1.19E-05,2.09E-06,6.00E-05,8.67E-06,5.04E+00,1.14E+00,9.52E-01,1.04E-02,6.95E-04,3.20E-05,2.58E-04,2.58E-04,7.81E-06,6.56E-01,6.00E-05,5.04E+00,0.000025,0.000191,0.000646,0.000406,3.385819,2.126781
176,0,1-to-1,Global,0,7,EQKLISEEDL-3977-dIm,,0.00E+00,MS-a-Myc,1.00E+02,1.54E-05,4.21E-07,2.91E-05,1.20E-06,1.89E+00,9.33E-02,9.82E-01,8.99E-04,4.13E-03,2.36E-05,2.55E-04,2.55E-04,1.29E-06,8.33E-02,2.91E-05,1.89E+00,0.000002,0.000073,0.004096,0.003187,55.980655,43.567345
177,0,1-to-1,Global,0,13,EQKLISEEDL-3977-dR,,0.00E+00,MS-a-Myc,1.00E+02,1.07E-05,1.68E-06,3.36E-05,7.21E-06,3.16E+00,8.39E-01,9.69E-01,7.89E-03,7.64E-04,3.26E-05,2.61E-04,2.61E-04,7.24E-06,6.79E-01,3.36E-05,3.16E+00,0.000064,0.000191,0.00066,0.000469,3.464581,2.45854
178,0,1-to-1,Global,0,16,EQKLISEEDL-4002-dIm,,0.00E+00,MS-a-Myc,1.00E+02,1.40E-05,3.65E-07,2.64E-05,1.24E-06,1.89E+00,1.01E-01,9.82E-01,9.74E-04,4.30E-03,2.77E-05,2.72E-04,2.72E-04,1.32E-06,9.44E-02,2.64E-05,1.89E+00,-0.000014,0.000051,0.004092,0.003454,80.961072,68.335777
179,0,1-to-1,Global,0,15,EQKLISEEDL-4002-dR,,0.00E+00,MS-a-Myc,1.00E+02,8.73E-06,1.16E-06,3.67E-05,5.90E-06,4.21E+00,8.76E-01,9.60E-01,8.07E-03,1.04E-03,4.31E-05,2.77E-04,2.77E-04,5.76E-06,6.60E-01,3.67E-05,4.21E+00,0.000015,0.000144,0.000879,0.000661,6.106817,4.590286
180,0,1-to-1,Global,0,17,EQKLISEEDL-4084-dIm,,0.00E+00,MS-a-Myc,1.00E+02,1.54E-05,4.02E-07,3.30E-05,1.24E-06,2.15E+00,9.82E-02,9.79E-01,9.41E-04,3.83E-03,2.33E-05,2.40E-04,2.40E-04,1.30E-06,8.47E-02,3.30E-05,2.15E+00,-0.000008,0.000043,0.003759,0.002976,87.651377,69.398271
181,0,1-to-1,Global,0,13,EQKLISEEDL-4084-dR,,0.00E+00,MS-a-Myc,1.00E+02,1.21E-05,2.04E-06,6.59E-05,8.44E-06,5.44E+00,1.15E+00,9.48E-01,1.03E-02,7.48E-04,3.30E-05,2.64E-04,2.64E-04,7.42E-06,6.13E-01,6.59E-05,5.44E+00,0.000043,0.000144,0.000784,0.000471,5.457439,3.279047
182,0,1-to-1,Global,0,21,EQKLISEEDL-4164-dIm,,0.00E+00,MS-a-Myc,1.00E+02,1.62E-05,4.94E-07,5.18E-05,1.41E-06,3.20E+00,1.31E-01,9.69E-01,1.23E-03,3.62E-03,2.33E-05,2.41E-04,2.41E-04,1.39E-06,8.57E-02,5.18E-05,3.20E+00,-0.00003,0.000035,0.003443,0.00248,98.85879,71.205102
183,0,1-to-1,Global,0,20,EQKLISEEDL-4164-dR,,0.00E+00,MS-a-Myc,1.00E+02,1.47E-04,1.29E-04,3.79E-06,1.32E-05,2.57E-02,9.22E-02,1.00E+00,9.22E-04,3.75E-04,1.87E-05,3.22E-04,3.22E-04,1.78E-05,1.21E-01,1.78E-05,1.21E-01,-0.000024,0.000143,0.000265,0.000358,1.847998,2.497713
184,0,1-to-1,Global,0,21,EQKLISEEDL-4194-dIm,,0.00E+00,MS-a-Myc,1.00E+02,1.50E-05,3.97E-07,2.64E-05,1.16E-06,1.76E+00,9.03E-02,9.83E-01,8.72E-04,3.99E-03,2.24E-05,2.41E-04,2.41E-04,1.25E-06,8.35E-02,2.64E-05,1.76E+00,-0.000008,0.000055,0.003943,0.003224,71.329639,58.333682
185,0,1-to-1,Global,0,20,EQKLISEEDL-4194-dR,,0.00E+00,MS-a-Myc,1.00E+02,1.34E-05,2.30E-06,2.44E-05,7.62E-06,1.82E+00,6.47E-01,9.82E-01,6.24E-03,6.70E-04,2.61E-05,2.63E-04,2.63E-04,8.19E-06,6.10E-01,2.44E-05,1.82E+00,-0.000024,0.000191,0.000739,0.000452,3.877919,2.373198
186,0,1-to-1,Global,0,21,EQKLISEEDL-4275-dIm,,0.00E+00,MS-a-Myc,1.00E+02,1.49E-05,4.54E-07,3.87E-05,1.39E-06,2.60E+00,1.23E-01,9.75E-01,1.17E-03,3.80E-03,2.53E-05,2.59E-04,2.59E-04,1.42E-06,9.56E-02,3.87E-05,2.60E+00,-0.000007,0.000048,0.003714,0.002758,77.80023,57.77198
187,0,1-to-1,Global,0,12,EQKLISEEDL-4275-dR,,0.00E+00,MS-a-Myc,1.00E+02,1.06E-05,3.21E-06,9.37E-05,1.63E-05,8.83E+00,3.09E+00,9.19E-01,2.60E-02,4.32E-04,3.93E-05,2.53E-04,2.53E-04,1.24E-05,1.17E+00,9.37E-05,8.83E+00,0.000028,0.000143,0.000315,0.000147,2.201869,1.023827
188,0,1-to-1,Global,0,22,EQKLISEEDL-4285-dIm,,0.00E+00,MS-a-Myc,1.00E+02,1.42E-05,3.72E-07,3.26E-05,1.26E-06,2.29E+00,1.07E-01,9.78E-01,1.02E-03,4.00E-03,2.57E-05,2.50E-04,2.50E-04,1.31E-06,9.17E-02,3.26E-05,2.29E+00,-0.000009,0.000053,0.003823,0.003112,72.266311,58.840929
189,0,1-to-1,Global,0,15,EQKLISEEDL-4285-dR,,0.00E+00,MS-a-Myc,1.00E+02,1.11E-05,2.08E-06,1.53E-05,8.21E-06,1.38E+00,7.83E-01,9.86E-01,7.62E-03,6.19E-04,2.95E-05,2.63E-04,2.63E-04,8.99E-06,8.09E-01,1.53E-05,1.38E+00,-0.000032,0.000143,0.000661,0.000609,4.631251,4.271918
190,0,1-to-1,Global,0,27,EQKLISEEDL-4303-dIm,,0.00E+00,MS-a-Myc,1.00E+02,1.45E-05,3.61E-07,3.15E-05,1.12E-06,2.18E+00,9.44E-02,9.79E-01,9.04E-04,4.18E-03,2.28E-05,2.36E-04,2.36E-04,1.18E-06,8.12E-02,3.15E-05,2.18E+00,-0.000043,0.000068,0.00406,0.003287,59.427874,48.121243
191,0,1-to-1,Global,0,13,EQKLISEEDL-4303-dR,,0.00E+00,MS-a-Myc,1.00E+02,1.36E-05,1.62E-06,3.86E-05,5.89E-06,2.84E+00,5.49E-01,9.72E-01,5.20E-03,9.71E-04,2.99E-05,2.74E-04,2.74E-04,5.90E-06,4.33E-01,3.86E-05,2.84E+00,-0.000129,0.000191,0.000952,0.000608,4.972722,3.177348
192,0,1-to-1,Global,0,26,EQKLISEEDL-4342-dIm,,0.00E+00,MS-a-Myc,1.00E+02,1.45E-05,3.45E-07,3.18E-05,1.14E-06,2.19E+00,9.43E-02,9.79E-01,9.03E-04,4.10E-03,2.37E-05,2.34E-04,2.34E-04,1.19E-06,8.20E-02,3.18E-05,2.19E+00,-0.000013,0.000063,0.003977,0.003213,62.876475,50.79511
193,0,1-to-1,Global,0,23,EQKLISEEDL-4342-dR,,0.00E+00,MS-a-Myc,1.00E+02,1.54E-05,2.66E-06,6.49E-05,8.43E-06,4.22E+00,9.13E-01,9.60E-01,8.40E-03,7.79E-04,3.00E-05,2.88E-04,2.88E-04,7.70E-06,5.01E-01,6.49E-05,4.22E+00,0.000021,0.000096,0.000646,0.000447,6.735198,4.664847
194,0,1-to-1,Global,0,21,EQKLISEEDL-4368-dIm,,0.00E+00,MS-a-Myc,1.00E+02,1.45E-05,4.33E-07,5.11E-05,1.40E-06,3.52E+00,1.43E-01,9.66E-01,1.33E-03,3.60E-03,2.43E-05,2.36E-04,2.36E-04,1.36E-06,9.39E-02,5.11E-05,3.52E+00,-0.000015,0.00006,0.003506,0.002422,58.603838,40.483314
195,0,1-to-1,Global,0,6,EQKLISEEDL-4368-dR,,0.00E+00,MS-a-Myc,1.00E+02,9.14E-07,3.27E-05,1.10E-04,3.09E-05,1.20E+02,4.29E+03,4.55E-01,8.87E+00,1.10E-03,3.21E-02,2.71E-04,2.71E-04,1.83E-05,2.00E+01,1.10E-04,1.20E+02,0.00004,0.000191,0.000185,-0.000058,0.966963,-0.301551
196,0,1-to-1,Global,0,22,EQKLISEEDL-4386-dIm,,0.00E+00,MS-a-Myc,1.00E+02,1.47E-05,3.97E-07,3.20E-05,1.21E-06,2.19E+00,1.02E-01,9.79E-01,9.75E-04,3.99E-03,2.35E-05,2.44E-04,2.44E-04,1.28E-06,8.70E-02,3.20E-05,2.19E+00,-0.000016,0.000047,0.003943,0.003045,83.385254,64.40109
197,0,1-to-1,Global,0,8,EQKLISEEDL-4386-dR,,0.00E+00,MS-a-Myc,1.00E+02,6.74E-06,1.49E-06,5.53E-05,9.63E-06,8.22E+00,2.32E+00,9.24E-01,1.98E-02,7.84E-04,6.66E-05,2.87E-04,2.87E-04,8.33E-06,1.24E+00,5.53E-05,8.22E+00,-0.000028,0.000191,0.000617,0.000518,3.230953,2.716004
198,0,1-to-1,Global,0,21,EQKLISEEDL-4451-dIm,,0.00E+00,MS-a-Myc,1.00E+02,1.49E-05,3.57E-07,2.72E-05,1.06E-06,1.83E+00,8.35E-02,9.82E-01,8.05E-04,3.93E-03,2.01E-05,2.14E-04,2.14E-04,1.14E-06,7.64E-02,2.72E-05,1.83E+00,-0.000015,0.000067,0.003773,0.003206,55.899825,47.508735
199,0,1-to-1,Global,0,20,EQKLISEEDL-4451-dR,,0.00E+00,MS-a-Myc,1.00E+02,1.04E-05,1.57E-06,4.08E-06,6.42E-06,3.93E-01,6.21E-01,9.96E-01,6.16E-03,8.31E-04,3.28E-05,2.87E-04,2.87E-04,7.34E-06,7.07E-01,7.34E-06,7.07E-01,0.00002,0.000237,0.000787,0.000803,3.32596,3.39363
