Peptide,Number of Spots,Peptide Length,Peptide Weight,Peptide Mean,Peptide Mean NN,Peptide SE,Streptavidin Mean,Streptavidin Mean NN,Streptavidin SE
ATHPQFAT,4.0,8,871.949,0.001383775,0.001383775,8.39349785548e-05,0.001445075,0.001445075,0.00010022317908
CTHPQFAT,4.0,8,904.009,0.00112525,0.00112525,3.50059161667e-05,0.0013167,0.0013167,0.000129365328946
DTHPQFAT,4.0,8,915.959,0.00139075,0.00139075,6.2489152392e-05,0.0014122,0.0014122,7.28752701539e-05
DYKDDDDK,99.0,8,1012.984,0.00580988787879,0.00580988787879,8.70184723228e-05,-8.60787907071e-05,0.0,8.92803058204e-06
ETHPQFAT,4.0,8,929.986,0.00174025,0.00174025,0.000130988603194,0.00127745,0.00127745,6.3510793046e-05
FTHPQFAT,4.0,8,948.047,0.0009969625,0.0009969625,4.99653270404e-05,0.0016732,0.0016732,4.84225326338e-05
GTHPQFAT,3.0,8,857.922,0.00143046666667,0.00143046666667,7.27677889668e-05,0.00154193333333,0.00154193333333,9.67716269253e-05
HTHPQFAT,4.0,8,938.011,0.0008281275,0.0008281275,0.000130273260711,0.00172505,0.00172505,4.92869235531e-05
ITHPQFAT,4.0,8,914.03,0.0011918025,0.0011918025,0.000172729240932,0.0014323,0.0014323,0.000116201900443
KTHPQFAT,4.0,8,929.044,0.001882125,0.001882125,0.00015951353848,0.0010257525,0.0010257525,9.48759724917e-05
LQHPQAGK,4.0,8,878.0,0.002834225,0.002834225,0.00013089523403,0.00055188,0.00055188,6.31409800895e-05
LQWHPAGK,4.0,8,936.082,0.001978675,0.001978675,0.000267038812332,-7.450475e-06,0.0,2.1031084221e-05
LQWHPQAG,4.0,8,936.039,0.00182245,0.00182245,0.000357778801543,0.0017042,0.0017042,5.12671922383e-05
LQWHPQAK,4.0,8,1007.161,0.002429575,0.002429575,0.000167952187517,0.0003879525,0.0003879525,2.96683589522e-05
LQWHPQGK,4.0,8,993.134,0.00304945,0.00304945,0.000300270018761,0.0009722325,0.0009722325,2.52448355692e-05
LQWHQAGK,4.0,8,967.096,0.001597375,0.001597375,0.000224330657643,-2.5913e-05,0.0,4.14670587535e-05
LQWPQAGK,4.0,8,927.072,0.002886825,0.002886825,0.000208547058538,7.388425e-05,7.388425e-05,6.40823171376e-05
LTHPQFAT,3.0,8,914.03,0.00086712,0.00086712,0.00018266815924,0.0013346,0.0013346,3.4119544741e-05
LWHPQAGK,4.0,8,936.082,0.002460075,0.002460075,0.000158066517512,0.001086975,0.001086975,3.05907223136e-05
MTHPQFAT,4.0,8,932.063,0.001233275,0.001233275,8.01218902153e-05,0.001272175,0.001272175,4.76411827274e-05
NTHPQFAT,4.0,8,914.974,0.0012618,0.0012618,8.03527120472e-05,0.001662525,0.001662525,8.05330612751e-05
PTHPQFAT,4.0,8,897.987,0.001177355,0.001177355,0.000196752949216,0.001406975,0.001406975,2.10415214516e-05
QGRNSPAP,95.0,8,825.881,0.00247192526316,0.00247192526316,5.18846370202e-05,-9.60009084211e-06,0.0,6.58066739889e-06
QTHPQFAT,4.0,8,929.001,0.00124569,0.00124569,0.000109417733633,0.001476025,0.001476025,3.29819237108e-05
QWHPQAGK,4.0,8,951.053,0.003425525,0.003425525,0.000372092818561,0.0009767,0.0009767,8.35560070651e-05
RTHPQFAT,4.0,8,957.058,0.001122825,0.001122825,6.70223392484e-05,0.001264475,0.001264475,3.13528407804e-05
STHPQFAT,4.0,8,887.948,0.0011403,0.0011403,0.000109829109681,0.001418725,0.001418725,6.2095724155e-05
TKIPTPIV,97.0,8,868.086,0.00169093762887,0.00169093762887,4.3029085509e-05,8.15078659794e-06,8.15078659794e-06,5.57666926451e-06
TKTSPLNS,99.0,8,846.936,0.0017406779798,0.0017406779798,3.99911687587e-05,-2.82211888889e-05,0.0,6.79173496423e-06
TTHPQFAT,4.0,8,901.975,0.000699115,0.000699115,0.000177023280602,0.001362975,0.001362975,0.000126719791765
VKLTALND,97.0,8,873.019,0.0029772371134,0.0029772371134,6.63601498282e-05,-3.45846260825e-05,0.0,6.77405878751e-06
VTHPQFAT,4.0,8,900.003,0.001162905,0.001162905,0.000267696910127,0.00143535,0.00143535,8.9419624058e-05
WAHPQFAT,4.0,8,957.057,0.00095128,0.00095128,0.000236255833332,0.00156995,0.00156995,4.38183656321e-05
WCHPQFAT,4.0,8,989.117,0.000753605,0.000753605,0.00011621859185,0.0010585475,0.0010585475,8.77592982134e-05
WDHPQFAT,4.0,8,1001.067,0.001463925,0.001463925,0.000211172348154,0.001858875,0.001858875,8.21811249112e-05
WEHPQFAT,4.0,8,1015.094,0.00102728,0.00102728,0.000124981548238,0.001800175,0.001800175,8.24787990436e-05
WFHPQFAT,4.0,8,1033.155,0.00040076,0.00040076,8.65126561069e-05,0.00094791,0.00094791,7.17122563908e-05
WGHPQFAT,4.0,8,943.03,0.00068797,0.00068797,6.33016570347e-05,0.001384025,0.001384025,4.4191352378e-05
WHHPQFAT,3.0,8,1023.119,0.000583066666667,0.000583066666667,0.000106794851051,0.00124073333333,0.00124073333333,5.62453652412e-05
WIHPQFAT,4.0,8,999.138,0.00069782,0.00069782,7.36930201353e-05,0.001291225,0.001291225,6.15380150124e-05
WKHPQFAT,4.0,8,1014.152,0.00111039,0.00111039,0.000228625653489,0.00120785,0.00120785,4.77755603491e-05
WLHPQFAT,4.0,8,999.138,0.0007580925,0.0007580925,0.000157791060022,0.0008197975,0.0008197975,4.14327733352e-05
WMHPQFAT,4.0,8,1017.171,0.0013403925,0.0013403925,0.000305836168653,0.0015339,0.0015339,3.73720706767e-05
WNHPQFAT,4.0,8,1000.082,0.000703265,0.000703265,0.000117920792448,0.0015277,0.0015277,4.79093414691e-05
WPHPQFAT,4.0,8,983.095,0.00089731,0.00089731,0.000119169147084,0.00150735,0.00150735,0.000130542869715
WQHPQFAT,4.0,8,1014.109,0.000744905,0.000744905,0.000191249353572,0.001790725,0.001790725,0.000125728493025
WRHPQFAT,4.0,8,1042.166,0.00115685,0.00115685,0.000198735144099,0.00148345,0.00148345,9.79377055412e-05
WSHPQFAT,4.0,8,973.056,0.0006628,0.0006628,0.0002322122233,0.001401125,0.001401125,7.20776360947e-05
WTAPQFAT,4.0,8,921.021,0.0008525825,0.0008525825,9.85228989774e-05,-2.108125e-05,0.0,1.17910130635e-05
WTCPQFAT,4.0,8,953.081,0.000887765,0.000887765,9.46357710735e-06,-2.0727475e-05,0.0,1.48638231988e-05
WTDPQFAT,4.0,8,965.031,0.00153205,0.00153205,0.000220802772099,-3.9718925e-05,0.0,1.69175603217e-05
WTEPQFAT,4.0,8,979.058,0.00168985,0.00168985,7.37470281887e-05,-6.2249375e-05,0.0,2.2577908258e-05
WTFPQFAT,4.0,8,997.119,0.000658945,0.000658945,0.000139744409936,2.0757575e-05,2.0757575e-05,1.58058782387e-05
WTGPQFAT,4.0,8,906.994,0.000698395,0.000698395,0.000105695980726,2.6501725e-05,2.6501725e-05,1.88079467263e-05
WTHAQFAT,4.0,8,961.045,0.0002308085,0.0002308085,0.000199675710263,1.8444e-05,1.8444e-05,1.4733703653e-05
WTHCQFAT,4.0,8,993.105,0.00021111125,0.00021111125,7.12076184587e-05,1.822425e-05,1.822425e-05,1.82572884231e-05
WTHDQFAT,4.0,8,1005.055,0.0013408125,0.0013408125,0.000210237007501,-1.4327275e-05,0.0,4.0843211696e-05
WTHEQFAT,4.0,8,1019.082,0.00186805,0.00186805,0.000178719022957,-4.866975e-05,0.0,3.29103041371e-05
WTHFQFAT,4.0,8,1037.143,-0.0003112875,0.0,5.69531022531e-05,1.3455875e-05,1.3455875e-05,1.87421044758e-05
WTHGQFAT,3.0,8,947.018,0.000158644666667,0.000158644666667,5.1049976054e-05,2.563e-06,2.563e-06,3.19620109557e-05
WTHHQFAT,4.0,8,1027.107,6.119575e-05,6.119575e-05,7.41867240463e-05,5.0735325e-05,5.0735325e-05,2.57913423527e-05
WTHIQFAT,4.0,8,1003.126,4.9592225e-05,4.9592225e-05,6.73857326079e-05,1.059125e-05,1.059125e-05,2.59611278048e-05
WTHKQFAT,4.0,8,1018.14,0.00044282,0.00044282,0.000132173522374,2.88568e-05,2.88568e-05,3.50032608344e-05
WTHLQFAT,4.0,8,1003.126,0.00013723975,0.00013723975,6.08838127096e-05,8.396625e-06,8.396625e-06,1.11921175822e-05
WTHMQFAT,4.0,8,1021.159,0.00018576225,0.00018576225,9.49345794134e-05,6.35975e-05,6.35975e-05,3.28201131536e-05
WTHNQFAT,4.0,8,1004.07,1.2483e-05,1.2483e-05,3.16900757666e-05,-1.9240425e-05,0.0,3.2830399548e-05
WTHPAFAT,4.0,8,930.031,0.0006281925,0.0006281925,0.000111364073529,3.0789625e-05,3.0789625e-05,1.99479751284e-05
WTHPCFAT,4.0,8,962.091,0.00038714375,0.00038714375,0.000124446556424,2.1960475e-05,2.1960475e-05,2.35698954734e-05
WTHPDFAT,4.0,8,974.041,0.002322525,0.002322525,0.000147257407143,-1.9636e-05,0.0,2.45826604066e-05
WTHPEFAT,4.0,8,988.068,0.00277395,0.00277395,0.000113380403216,-2.340225e-05,0.0,1.80342892771e-05
WTHPFFAT,4.0,8,1006.129,7.61975e-05,7.61975e-05,0.00018149250877,3.105775e-05,3.105775e-05,2.57540535883e-05
WTHPGFAT,4.0,8,916.004,0.0007124225,0.0007124225,5.11044936666e-05,-2.535425e-05,0.0,1.67583413428e-05
WTHPHFAT,4.0,8,996.093,9.23125e-05,9.23125e-05,0.000102073245138,3.6303725e-05,3.6303725e-05,2.75806032837e-05
WTHPIFAT,4.0,8,972.112,0.00029577,0.00029577,0.000175687813892,1.3820775e-05,1.3820775e-05,1.1709794863e-05
WTHPKFAT,4.0,8,987.126,0.001383165,0.001383165,0.000161399738409,1.7464025e-05,1.7464025e-05,1.59835077382e-05
WTHPLFAT,4.0,8,972.112,0.0004312025,0.0004312025,3.92086976692e-05,-3.1069625e-06,0.0,1.87186159282e-05
WTHPMFAT,4.0,8,990.145,0.0009330875,0.0009330875,6.69290417003e-05,0.0002108975,0.0002108975,3.50650933681e-05
WTHPNFAT,4.0,8,973.056,0.00075816,0.00075816,0.000138782150329,-9.90195e-06,0.0,2.39031797551e-05
WTHPPFAT,4.0,8,956.069,0.0008076275,0.0008076275,0.000158658114478,-4.384725e-06,0.0,9.11233912536e-06
WTHPQAAT,4.0,8,910.985,0.002160525,0.002160525,0.000148540086481,0.0006197175,0.0006197175,6.54731727981e-05
WTHPQCAT,3.0,8,943.045,0.000935726666667,0.000935726666667,0.000163468906456,1.36066666667e-06,1.36066666667e-06,2.74145420312e-05
WTHPQDAT,4.0,8,954.995,0.0037649,0.0037649,0.000301542951612,-6.18985e-05,0.0,3.77240932484e-05
WTHPQEAT,3.0,8,969.022,0.0038328,0.0038328,0.000500859404757,-7.1047e-05,0.0,2.55483733142e-05
WTHPQFAA,4.0,8,957.057,0.0009862625,0.0009862625,0.000111727032567,0.001641975,0.001641975,7.17235360603e-05
WTHPQFAC,4.0,8,989.117,0.0005996725,0.0005996725,9.61284854916e-05,0.0003142525,0.0003142525,1.12491743216e-05
WTHPQFAD,4.0,8,1001.067,0.003003475,0.003003475,2.7623189986e-05,0.001265625,0.001265625,5.34831807674e-05
WTHPQFAE,4.0,8,1015.094,0.0036786,0.0036786,3.54714674069e-05,0.0012082425,0.0012082425,9.37754524005e-05
WTHPQFAF,4.0,8,1033.155,-1.753825e-05,0.0,0.000111969530371,0.0011127,0.0011127,5.4735165418e-05
WTHPQFAG,4.0,8,943.03,0.0009539525,0.0009539525,5.48461422793e-05,0.001711275,0.001711275,5.37342127978e-05
WTHPQFAH,3.0,8,1023.119,2.6844e-05,2.6844e-05,8.24706963472e-05,0.00144206666667,0.00144206666667,7.3996786717e-05
WTHPQFAI,4.0,8,999.138,0.0007211425,0.0007211425,0.000207983669807,0.0011280475,0.0011280475,0.000116100192749
WTHPQFAK,4.0,8,1014.152,0.0015554,0.0015554,0.000178563611448,0.0009676675,0.0009676675,6.18901100574e-05
WTHPQFAL,4.0,8,999.138,0.0004879275,0.0004879275,4.41053374274e-05,0.000901985,0.000901985,4.19303991753e-05
WTHPQFAM,4.0,8,1017.171,0.001655025,0.001655025,0.000121932846101,0.0013587,0.0013587,5.18666077549e-05
WTHPQFAN,4.0,8,1000.082,0.0006300725,0.0006300725,0.000105561192631,0.00162175,0.00162175,3.7632023154e-05
WTHPQFAP,4.0,8,983.095,0.001063625,0.001063625,0.000110008214655,0.0015548,0.0015548,7.42139137898e-05
WTHPQFAQ,4.0,8,1014.109,0.0013470025,0.0013470025,0.000354065234347,0.001609225,0.001609225,5.91565490176e-05
WTHPQFAR,4.0,8,1042.166,0.0004278825,0.0004278825,4.58372469314e-05,0.0011307,0.0011307,4.81739729176e-05
WTHPQFAS,4.0,8,973.056,0.000926755,0.000926755,0.000106345040748,0.001625225,0.001625225,6.52806042532e-05
WTHPQFAT,65.0,8,987.083,0.000955938030769,0.000955938030769,5.62146149417e-05,0.00175405076923,0.00175405076923,2.20703459162e-05
WTHPQFAV,4.0,8,985.111,0.00069269,0.00069269,0.000143999365392,0.001445,0.001445,0.00010474573977
WTHPQFAW,4.0,8,1072.191,-0.0001577885,0.0,7.63778272946e-05,0.001131505,0.001131505,7.57153882972e-05
WTHPQFAY,4.0,8,1049.154,3.733585e-05,3.733585e-05,9.88809853185e-05,0.0010786325,0.0010786325,6.59233587048e-05
WTHPQFCT,4.0,8,1019.143,0.00031711325,0.00031711325,9.96802322039e-05,0.0007809325,0.0007809325,5.98713718977e-05
WTHPQFDT,4.0,8,1031.093,0.002540025,0.002540025,8.07803851501e-05,0.00203705,0.00203705,9.10814150454e-05
WTHPQFET,3.0,8,1045.12,0.00274263333333,0.00274263333333,0.000357563469113,0.0019776,0.0019776,0.000116692344793
WTHPQFFT,4.0,8,1063.181,0.00012364975,0.00012364975,6.29730449218e-05,0.00106484,0.00106484,4.30065568644e-05
WTHPQFGT,4.0,8,973.056,0.0005076165,0.0005076165,0.000262691870523,0.001576825,0.001576825,5.6447946154e-05
WTHPQFHT,4.0,8,1053.145,-1.956525e-05,0.0,3.63396040324e-05,0.00152355,0.00152355,9.22460974784e-05
WTHPQFIT,4.0,8,1029.164,0.000537535,0.000537535,4.10586447455e-05,0.0006124625,0.0006124625,3.09380061238e-05
WTHPQFKT,4.0,8,1044.178,0.00140031,0.00140031,0.0004429072744,0.0007710325,0.0007710325,8.82556511293e-05
WTHPQFLT,4.0,8,1029.164,0.0005399175,0.0005399175,9.02973753195e-05,0.0007873975,0.0007873975,6.17136554817e-05
WTHPQFMT,4.0,8,1047.197,0.001295075,0.001295075,6.78983722804e-05,0.00164245,0.00164245,4.5364183743e-05
WTHPQFNT,4.0,8,1030.108,0.0004570575,0.0004570575,8.10926350309e-05,0.001683275,0.001683275,8.41134390273e-05
WTHPQFPT,4.0,8,1013.121,0.0015979,0.0015979,0.000247501996625,0.001566825,0.001566825,3.0179004153e-05
WTHPQFQT,4.0,8,1044.135,0.001050775,0.001050775,0.000106799261975,0.0019366,0.0019366,8.15076785749e-05
WTHPQFRT,4.0,8,1072.192,0.00034443275,0.00034443275,9.28435682527e-05,0.0010224475,0.0010224475,7.04345934627e-05
WTHPQFST,4.0,8,1003.082,0.0007905775,0.0007905775,0.000168783927966,0.00135255,0.00135255,4.55952208753e-05
WTHPQFTT,3.0,8,1017.109,0.00049292,0.00049292,4.2156566511e-05,0.00117203333333,0.00117203333333,6.6345894958e-06
WTHPQFVT,4.0,8,1015.137,0.000665385,0.000665385,8.13974022415e-05,0.00065927,0.00065927,6.18069342118e-05
WTHPQFWT,4.0,8,1102.217,-0.0001365335,0.0,4.63028851396e-05,0.001461525,0.001461525,4.15868443742e-05
WTHPQFYT,4.0,8,1079.18,7.85995e-05,7.85995e-05,9.16696739036e-05,0.00142905,0.00142905,9.05636102416e-05
WTHPQGAT,4.0,8,896.958,0.0022386,0.0022386,0.000205650103331,0.0007347525,0.0007347525,3.33086966559e-05
WTHPQHAT,4.0,8,977.047,0.00085264,0.00085264,0.000251162224734,0.00020942,0.00020942,2.34111430021e-05
WTHPQIAT,4.0,8,953.066,0.001430775,0.001430775,0.000151710367559,8.486275e-05,8.486275e-05,6.39139751637e-05
WTHPQKAT,4.0,8,968.08,0.00252085,0.00252085,0.000152971775719,8.0316e-06,8.0316e-06,3.33061233368e-05
WTHPQLAT,4.0,8,953.066,0.00157385,0.00157385,0.00013565956472,-3.93755e-06,0.0,9.51299521151e-06
WTHPQMAT,4.0,8,971.099,0.00247335,0.00247335,0.000196667983753,5.7221e-05,5.7221e-05,2.59864551962e-05
WTHPQNAT,4.0,8,954.01,0.0012823625,0.0012823625,0.000173211565452,0.001612875,0.001612875,4.59890997049e-05
WTHPQPAT,4.0,8,937.023,0.00160235,0.00160235,0.000257278184397,-4.748275e-05,0.0,3.65495280302e-05
WTHPQQAT,4.0,8,968.037,0.002454775,0.002454775,0.00023087179839,0.00010226525,0.00010226525,3.5003363256e-05
WTHPQRAT,4.0,8,996.094,0.001452725,0.001452725,7.35585863445e-05,4.7474975e-05,4.7474975e-05,3.34538815446e-05
WTHPQSAT,4.0,8,926.984,0.00184095,0.00184095,0.000112888658273,0.00020528,0.00020528,1.27707236809e-05
WTHPQTAT,4.0,8,941.011,0.0017868,0.0017868,0.00036608096782,4.3846725e-05,4.3846725e-05,2.42380625235e-05
WTHPQVAT,4.0,8,939.039,0.002069075,0.002069075,6.33677938046e-05,0.0009697025,0.0009697025,5.38022035446e-05
WTHPQWAT,4.0,8,1026.119,0.00017322675,0.00017322675,9.65957757646e-05,0.00013491925,0.00013491925,2.87003131846e-05
WTHPQYAT,4.0,8,1003.082,0.0005830235,0.0005830235,0.000171834652371,0.00013312,0.00013312,1.16691309302e-05
WTHPRFAT,4.0,8,1015.14,0.0002263875,0.0002263875,0.000170387957975,1.3612725e-05,1.3612725e-05,3.59532840548e-05
WTHPSFAT,4.0,8,946.03,0.00066466,0.00066466,7.84307933786e-05,-8.6985e-06,0.0,1.84938509263e-05
WTHPTFAT,4.0,8,960.057,0.0005354525,0.0005354525,0.000143089515943,-2.45944e-05,0.0,6.97808806145e-06
WTHPVFAT,4.0,8,958.085,0.00056580575,0.00056580575,0.000291390663382,1.4886475e-05,1.4886475e-05,2.23691714441e-05
WTHPWFAT,4.0,8,1045.165,-0.000143775,0.0,5.06702620199e-05,4.519525e-05,4.519525e-05,2.08921011365e-05
WTHPYFAT,4.0,8,1022.128,0.0002569775,0.0002569775,0.000104768136407,3.563975e-05,3.563975e-05,1.14222169577e-05
WTHQQFAT,4.0,8,1018.097,0.0003911175,0.0003911175,7.83061527356e-05,-6.2215e-06,0.0,2.08469682228e-05
WTHRQFAT,4.0,8,1046.154,8.333425e-05,8.333425e-05,0.000204163401405,5.03285e-05,5.03285e-05,8.87313444712e-06
WTHSQFAT,4.0,8,977.044,0.00021514075,0.00021514075,7.1323084883e-05,3.05025e-05,3.05025e-05,1.66816741991e-05
WTHTQFAT,4.0,8,991.071,0.000238968925,0.000238968925,0.000113749533477,4.1537e-05,4.1537e-05,3.36677244355e-05
WTHVQFAT,4.0,8,989.099,6.153225e-05,6.153225e-05,3.92223082705e-05,1.803775e-05,1.803775e-05,1.893814904e-05
WTHWQFAT,4.0,8,1076.179,-0.0005360825,0.0,0.000261669132729,3.663455e-05,3.663455e-05,1.78815086473e-05
WTHYQFAT,4.0,8,1053.142,-0.00033237675,0.0,0.000150662378506,5.068625e-05,5.068625e-05,1.91847583877e-05
WTIPQFAT,4.0,8,963.102,0.000615225,0.000615225,0.000103512641941,5.318265e-05,5.318265e-05,2.831095036e-05
WTKPQFAT,4.0,8,978.116,0.001564925,0.001564925,0.000246212226798,-1.552725e-05,0.0,1.92415473493e-05
WTLPQFAT,3.0,8,963.102,0.000700036666667,0.000700036666667,7.03137099797e-05,3.81446666667e-06,3.81446666667e-06,1.1505045155e-05
WTMPQFAT,4.0,8,981.135,0.00080631,0.00080631,0.000125386166236,-3.456975e-06,0.0,2.56925733449e-05
WTNPQFAT,4.0,8,964.046,0.0009089975,0.0009089975,5.99775037514e-05,-2.48153575e-05,0.0,3.73899400024e-05
WTPPQFAT,4.0,8,947.059,0.0010400375,0.0010400375,8.16641939464e-05,1.896075e-06,1.896075e-06,3.20559018233e-05
WTQPQFAT,4.0,8,978.073,0.0014177525,0.0014177525,0.000372001707106,3.2745175e-05,3.2745175e-05,2.16373470311e-05
WTRPQFAT,4.0,8,1006.13,0.00125844,0.00125844,0.000160582717833,-2.20609e-05,0.0,1.80599928491e-05
WTSPQFAT,4.0,8,937.02,0.000853355,0.000853355,4.42987179085e-05,-1.85208e-05,0.0,3.23535509124e-05
WTTPQFAT,4.0,8,951.047,0.0007185775,0.0007185775,0.000144354765328,-4.4852375e-05,0.0,1.76969426213e-05
WTVPQFAT,4.0,8,949.075,0.0009474675,0.0009474675,3.48637307659e-05,1.42903e-05,1.42903e-05,1.72952502e-05
WTWPQFAT,4.0,8,1036.155,0.0005258025,0.0005258025,0.000133428797765,-1.546725e-05,0.0,1.99691543409e-05
WTYPQFAT,4.0,8,1013.118,0.00059963,0.00059963,0.000157332688328,9.85715e-06,9.85715e-06,5.03024238854e-06
WVHPQFAT,4.0,8,985.111,0.0004403775,0.0004403775,0.000132959397209,0.0016472,0.0016472,8.04035550624e-05
WWHPQFAT,4.0,8,1072.191,0.000310414,0.000310414,0.000115418937294,0.001321525,0.001321525,6.02640215358e-05
WYHPQFAT,4.0,8,1049.154,0.0005024525,0.0005024525,6.47709092848e-05,0.001140275,0.001140275,5.25321389723e-05
YTHPQFAT,4.0,8,964.046,0.0013162825,0.0013162825,0.000217329113266,0.001775,0.001775,8.50549528246e-05
AQWHPQAGK,4.0,9,1022.132,0.003245225,0.003245225,0.000226822534797,0.0011229125,0.0011229125,5.25322772803e-05
CQWHPQAGK,4.0,9,1054.192,0.002521875,0.002521875,0.000134692986547,0.00088686,0.00088686,6.36586395027e-05
DQWHPQAGK,4.0,9,1066.142,0.00300225,0.00300225,0.000173117255543,0.001224825,0.001224825,6.11224096247e-05
EQWHPQAGK,3.0,9,1080.169,0.00282006666667,0.00282006666667,0.000260454604703,0.000950406666667,0.000950406666667,6.3209783086e-05
FQWHPQAGK,4.0,9,1098.23,0.002605425,0.002605425,0.000115477605152,0.001245175,0.001245175,0.000102911129743
GQWHPQAGK,4.0,9,1008.105,0.00256055,0.00256055,0.000213188330278,0.0009784825,0.0009784825,7.27320395212e-05
HQWHPQAGK,4.0,9,1088.194,0.00267355,0.00267355,0.000149331875923,0.001043305,0.001043305,0.000120165466094
IQWHPQAGK,4.0,9,1064.213,0.002973675,0.002973675,7.81479193048e-05,0.001167225,0.001167225,4.44127867286e-05
KQWHPQAGK,4.0,9,1079.227,0.0027652,0.0027652,0.000233298289035,0.0006161975,0.0006161975,7.23145670405e-05
LAWHPQAGK,4.0,9,1007.161,0.0024725,0.0024725,5.64067962808e-05,0.001637075,0.001637075,8.44739444543e-05
LCWHPQAGK,4.0,9,1039.221,0.002492125,0.002492125,0.000259044247749,0.001205875,0.001205875,6.9412803514e-05
LDWHPQAGK,4.0,9,1051.171,0.00281315,0.00281315,0.000157786303271,0.0016197,0.0016197,8.75003142851e-05
LEWHPQAGK,4.0,9,1065.198,0.0028488,0.0028488,0.000167382471205,0.001618525,0.001618525,0.000139007514036
LFWHPQAGK,4.0,9,1083.259,0.002625525,0.002625525,0.00024779037974,0.0014225,0.0014225,7.01461688191e-05
LGWHPQAGK,4.0,9,993.134,0.002937575,0.002937575,0.000205077954182,0.001427375,0.001427375,3.06884444865e-05
LHWHPQAGK,4.0,9,1073.223,0.0022609,0.0022609,0.00021391469094,0.001299975,0.001299975,6.16041039623e-05
LIWHPQAGK,4.0,9,1049.242,0.002879125,0.002879125,0.000237565223939,0.001556075,0.001556075,3.19689791048e-05
LKWHPQAGK,4.0,9,1064.256,0.00252925,0.00252925,0.000302858197016,0.001424025,0.001424025,8.75712602684e-05
LLWHPQAGK,4.0,9,1049.242,0.0025075,0.0025075,0.000192028049166,0.001457225,0.001457225,5.03747518604e-05
LMWHPQAGK,4.0,9,1067.275,0.003004175,0.003004175,0.00016266200322,0.00130375,0.00130375,5.36716793725e-05
LNWHPQAGK,4.0,9,1050.186,0.0021054,0.0021054,0.000199814292949,0.00146565,0.00146565,8.10022376234e-05
LPWHPQAGK,4.0,9,1033.199,0.00276025,0.00276025,0.000289011316099,0.0014174,0.0014174,0.000103306760024
LQAHPQAGK,4.0,9,949.079,0.003205275,0.003205275,0.000350746832666,0.0009627525,0.0009627525,8.25000451894e-05
LQCHPQAGK,4.0,9,981.139,0.0027846,0.0027846,0.000222558202125,0.0007692275,0.0007692275,6.11742891765e-05
LQDHPQAGK,4.0,9,993.089,0.00335195,0.00335195,0.000168882525739,0.0013457,0.0013457,9.68619894489e-05
LQEHPQAGK,4.0,9,1007.116,0.003341525,0.003341525,0.000348087920826,0.001056925,0.001056925,3.8779749333e-05
LQFHPQAGK,4.0,9,1025.177,0.002929675,0.002929675,0.000330353659924,0.001092125,0.001092125,1.68407924893e-05
LQGHPQAGK,4.0,9,935.052,0.0028697,0.0028697,0.000302424497465,0.0008308775,0.0008308775,6.84140343028e-05
LQHHPQAGK,4.0,9,1015.141,0.002654125,0.002654125,0.00041177831288,0.0010231275,0.0010231275,2.6015234439e-05
LQIHPQAGK,4.0,9,991.16,0.003046725,0.003046725,0.000235861683956,0.0005729925,0.0005729925,4.61537138944e-05
LQKHPQAGK,4.0,9,1006.174,0.003928725,0.003928725,0.000499291360121,0.0004460525,0.0004460525,4.00574286442e-05
LQLHPQAGK,4.0,9,991.16,0.002885675,0.002885675,0.000201385543899,0.00064371,0.00064371,3.38934760192e-05
LQMHPQAGK,4.0,9,1009.193,0.0029501,0.0029501,0.000339655931299,0.00086433,0.00086433,8.08109756366e-05
LQNHPQAGK,4.0,9,992.104,0.0029502,0.0029502,0.000155912587689,0.00125175,0.00125175,6.23609185842e-05
LQPHPQAGK,4.0,9,975.117,0.003187075,0.003187075,0.000476621296865,0.0011393675,0.0011393675,0.000129015412088
LQQHPQAGK,4.0,9,1006.131,0.0032627,0.0032627,0.000245601475973,0.000961485,0.000961485,2.92805033256e-05
LQRHPQAGK,4.0,9,1034.188,0.00318765,0.00318765,0.00039632645109,0.0008779675,0.0008779675,3.80115781429e-05
LQSHPQAGK,4.0,9,965.078,0.00278465,0.00278465,0.000266973761195,0.0008824525,0.0008824525,7.83900913567e-05
LQTHPQAGK,4.0,9,979.105,0.00296195,0.00296195,0.000235587091115,0.0008466925,0.0008466925,4.10350972492e-05
LQVHPQAGK,4.0,9,977.133,0.003425775,0.003425775,0.000267244499086,0.00077457,0.00077457,3.13073769262e-05
LQWAPQAGK,4.0,9,998.151,0.0025443,0.0025443,9.7483357554e-05,3.00705e-05,3.00705e-05,2.6164816709e-05
LQWCPQAGK,4.0,9,1030.211,0.0023218,0.0023218,0.000204735744314,-0.0001010675,0.0,4.62479320285e-05
LQWDPQAGK,4.0,9,1042.161,0.002809025,0.002809025,0.000315619035587,-2.26318e-05,0.0,5.47910112257e-05
LQWEPQAGK,4.0,9,1056.188,0.002530925,0.002530925,0.000371154014247,1.016255e-05,1.016255e-05,2.68950691696e-05
LQWFPQAGK,4.0,9,1074.249,0.0024949,0.0024949,0.000230978151925,-4.697575e-05,0.0,2.45832709865e-05
LQWGPQAGK,4.0,9,984.124,0.002647225,0.002647225,0.000193035512169,-2.59129e-05,0.0,2.57470092498e-05
LQWHAQAGK,4.0,9,1038.175,0.001944975,0.001944975,0.000352669168332,-1.74493675e-05,0.0,8.72668713452e-06
LQWHCQAGK,4.0,9,1070.235,0.0012022325,0.0012022325,0.000275696932379,-3.2552e-05,0.0,3.66802688649e-05
LQWHDQAGK,4.0,9,1082.185,0.002518625,0.002518625,0.000124915160376,-2.325725e-05,0.0,3.23412572998e-05
LQWHEQAGK,4.0,9,1096.212,0.00263235,0.00263235,0.000348914255226,-5.3711e-06,0.0,4.21191839587e-05
LQWHFQAGK,4.0,9,1114.273,0.000897695,0.000897695,0.000141041478798,3.22985e-05,3.22985e-05,1.4171676521e-05
LQWHGQAGK,4.0,9,1024.148,0.001678525,0.001678525,0.000103051317111,-3.327375e-05,0.0,5.2586031682e-05
LQWHHQAGK,4.0,9,1104.237,0.00108866,0.00108866,6.29655720745e-05,-3.435825e-05,0.0,2.57913547608e-05
LQWHIQAGK,3.0,9,1080.256,0.00129722333333,0.00129722333333,0.000243201183271,2.14477333333e-05,2.14477333333e-05,1.36058039578e-05
LQWHKQAGK,4.0,9,1095.27,0.0020207225,0.0020207225,0.000460441728133,-3.1544725e-05,0.0,3.91871065087e-05
LQWHLQAGK,4.0,9,1080.256,0.001556925,0.001556925,0.000135023956979,-1.8507375e-05,0.0,2.35303974957e-05
LQWHMQAGK,4.0,9,1098.289,0.001876875,0.001876875,0.000159255912371,2.56463625e-05,2.56463625e-05,5.30071103751e-05
LQWHNQAGK,3.0,9,1081.2,0.00117233333333,0.00117233333333,0.000102632635052,6.86443333333e-06,6.86443333333e-06,3.77724395397e-06
LQWHPAAGK,4.0,9,1007.161,0.002837825,0.002837825,8.74424894335e-05,1.2272e-05,1.2272e-05,4.2403165896e-05
LQWHPCAGK,4.0,9,1039.221,0.00196985,0.00196985,0.000257445866478,-1.332165e-05,0.0,2.08304053735e-05
LQWHPDAGK,4.0,9,1051.171,0.002912875,0.002912875,0.000213048908215,-4.027675e-06,0.0,3.74137288969e-05
LQWHPEAGK,4.0,9,1065.198,0.003447925,0.003447925,0.000211214982798,-5.1085775e-05,0.0,2.23066017717e-05
LQWHPFAGK,4.0,9,1083.259,0.001589485,0.001589485,0.000273867506698,-2.4415e-05,0.0,4.02069671637e-05
LQWHPGAGK,4.0,9,993.134,0.002064475,0.002064475,6.7425222469e-05,3.00625e-05,3.00625e-05,3.1569719375e-05
LQWHPHAGK,4.0,9,1073.223,0.00166685,0.00166685,0.00017370295766,7.443e-06,7.443e-06,1.93617628975e-05
LQWHPIAGK,4.0,9,1049.242,0.00230025,0.00230025,0.000256144101695,-5.8528e-05,0.0,5.82012970703e-05
LQWHPKAGK,4.0,9,1064.256,0.00311295,0.00311295,0.000112804761277,-1.52585e-05,0.0,4.32332172265e-05
LQWHPLAGK,4.0,9,1049.242,0.00224735,0.00224735,0.000160849041547,-2.3413975e-05,0.0,3.57365541323e-05
LQWHPMAGK,4.0,9,1067.275,0.00284635,0.00284635,0.000438255050361,0.001269325,0.001269325,8.21394076657e-05
LQWHPNAGK,4.0,9,1050.186,0.002258325,0.002258325,7.38406321637e-05,-1.271825e-05,0.0,1.10920782571e-05
LQWHPPAGK,4.0,9,1033.199,0.0014871425,0.0014871425,0.000729660851451,3.4982e-05,3.4982e-05,5.64564632394e-05
LQWHPQAAK,4.0,9,1078.24,0.003059025,0.003059025,0.000430075563855,0.0008960975,0.0008960975,9.80615438024e-05
LQWHPQACK,4.0,9,1110.3,0.0019579,0.0019579,0.000213090074851,0.0001335955,0.0001335955,2.38044492917e-05
LQWHPQADK,4.0,9,1122.25,0.003362,0.003362,0.000600444715745,0.001436325,0.001436325,0.000100536571911
LQWHPQAEK,4.0,9,1136.277,0.00402495,0.00402495,0.000562192162432,0.0006599875,0.0006599875,0.000104214484788
LQWHPQAFK,4.0,9,1154.338,0.001468275,0.001468275,5.7968186318e-05,0.00047982,0.00047982,5.58501362278e-05
LQWHPQAGA,4.0,9,1007.118,0.002071625,0.002071625,0.000142960019906,0.001501225,0.001501225,3.35267150941e-05
LQWHPQAGC,4.0,9,1039.178,0.0009982725,0.0009982725,0.000212863397174,0.000791455,0.000791455,9.54376076729e-05
LQWHPQAGD,4.0,9,1051.128,0.0044774,0.0044774,0.000122590028143,0.0013967,0.0013967,3.69893453128e-05
LQWHPQAGE,4.0,9,1065.155,0.004764475,0.004764475,0.000530294920107,0.00122415,0.00122415,3.67602253348e-05
LQWHPQAGF,4.0,9,1083.216,0.0008407525,0.0008407525,7.31837557539e-05,0.001720925,0.001720925,0.00010517072133
LQWHPQAGG,4.0,9,993.091,0.0022364,0.0022364,0.000362383066197,0.0018858,0.0018858,0.000116421668945
LQWHPQAGH,4.0,9,1073.18,0.0006728425,0.0006728425,0.000137735769584,0.00176655,0.00176655,0.000113053516089
LQWHPQAGI,4.0,9,1049.199,0.001704775,0.001704775,0.000169995192947,0.001600375,0.001600375,3.50263323563e-05
LQWHPQAGK,35.0,9,1064.213,0.00269913142857,0.00269913142857,8.87473258465e-05,0.00141237142857,0.00141237142857,2.3765291962e-05
LQWHPQAGL,4.0,9,1049.199,0.0017373,0.0017373,0.000128605631033,0.001627675,0.001627675,5.79311570602e-05
LQWHPQAGM,4.0,9,1067.232,0.003188975,0.003188975,0.000461739591788,0.0014902,0.0014902,3.45961221334e-05
LQWHPQAGN,4.0,9,1050.143,0.001823425,0.001823425,0.000101771806631,0.0016261,0.0016261,5.88774291785e-05
LQWHPQAGP,4.0,9,1033.156,0.00215515,0.00215515,0.000300703911681,0.0018322,0.0018322,0.000108401545192
LQWHPQAGQ,3.0,9,1064.17,0.0018134,0.0018134,0.000129763875302,0.00155496666667,0.00155496666667,5.11235866417e-05
LQWHPQAGR,4.0,9,1092.227,0.0007050375,0.0007050375,0.000114418023666,0.00145595,0.00145595,9.09164130763e-05
LQWHPQAGS,4.0,9,1023.117,0.001814825,0.001814825,0.000302187947518,0.001610975,0.001610975,8.19563133118e-05
LQWHPQAGT,4.0,9,1037.144,0.002199575,0.002199575,0.000179853307703,0.001683375,0.001683375,4.27311630039e-05
LQWHPQAGV,4.0,9,1035.172,0.0020756,0.0020756,0.000130753954688,0.00177395,0.00177395,3.29061417773e-05
LQWHPQAGW,4.0,9,1122.252,0.000469949,0.000469949,0.000232464243038,0.0017312,0.0017312,9.84817072693e-05
LQWHPQAGY,4.0,9,1099.215,0.0006093025,0.0006093025,0.000115931815332,0.00172155,0.00172155,0.000139188687878
LQWHPQAHK,4.0,9,1144.302,0.00132145,0.00132145,0.000139419693133,0.0005799525,0.0005799525,2.90875544334e-05
LQWHPQAIK,4.0,9,1120.321,0.0025631,0.0025631,0.000151886602437,0.0001926625,0.0001926625,2.19704408904e-05
LQWHPQAKK,4.0,9,1135.335,0.00336135,0.00336135,0.000160974679686,9.261825e-05,9.261825e-05,3.9687437249e-05
LQWHPQALK,4.0,9,1120.321,0.002180225,0.002180225,0.000280531030295,0.000197105,0.000197105,3.47774374895e-05
LQWHPQAMK,4.0,9,1138.354,0.003419275,0.003419275,0.000219727104894,0.0004291375,0.0004291375,8.65334503121e-05
LQWHPQANK,4.0,9,1121.265,0.002108725,0.002108725,0.000163598947506,0.0009973325,0.0009973325,2.420540655e-05
LQWHPQAPK,4.0,9,1104.278,0.002310425,0.002310425,0.000307673913895,0.00118535,0.00118535,2.82540999975e-05
LQWHPQAQK,4.0,9,1135.292,0.002661975,0.002661975,0.000287903147415,0.00065194,0.00065194,3.69529252338e-05
LQWHPQARK,4.0,9,1163.349,0.001426825,0.001426825,0.000173880564253,0.0002374875,0.0002374875,3.26240275398e-05
LQWHPQASK,3.0,9,1094.239,0.00231223333333,0.00231223333333,0.000575328498435,0.000734646666667,0.000734646666667,2.33048359311e-05
LQWHPQATK,4.0,9,1108.266,0.002410475,0.002410475,0.000218519741194,0.00059343,0.00059343,6.04947858635e-05
LQWHPQAVK,3.0,9,1106.294,0.00279303333333,0.00279303333333,0.000402429423764,0.000287663333333,0.000287663333333,1.65561925306e-05
LQWHPQAWK,4.0,9,1193.374,0.000754035,0.000754035,0.000228348688723,0.000535965,0.000535965,5.4119542758e-05
LQWHPQAYK,4.0,9,1170.337,0.0010414525,0.0010414525,8.90070884232e-05,0.000554885,0.000554885,2.99893237948e-05
LQWHPQCGK,4.0,9,1096.273,0.0014515,0.0014515,0.000102101085531,-2.464625e-05,0.0,1.80708025065e-05
LQWHPQDGK,4.0,9,1108.223,0.0034383,0.0034383,0.000221406631939,0.0007018125,0.0007018125,8.51414056511e-05
LQWHPQEGK,4.0,9,1122.25,0.003534575,0.003534575,0.000298504381249,0.0003217875,0.0003217875,4.7468396921e-05
LQWHPQFGK,4.0,9,1140.311,0.001637825,0.001637825,9.43134965156e-05,0.001115695,0.001115695,9.10126347914e-05
LQWHPQGGK,4.0,9,1050.186,0.002476625,0.002476625,0.000103308731278,0.0013833,0.0013833,9.73886115861e-05
LQWHPQHGK,4.0,9,1130.275,0.001391475,0.001391475,0.000140437977859,0.0003500275,0.0003500275,6.22169152207e-05
LQWHPQIGK,4.0,9,1106.294,0.00201615,0.00201615,0.000162098367769,0.000408555,0.000408555,2.31282765246e-05
LQWHPQKGK,4.0,9,1121.308,0.003225075,0.003225075,0.000139038072574,0.0002889375,0.0002889375,2.00614960289e-05
LQWHPQLGK,4.0,9,1106.294,0.002404375,0.002404375,9.17935670858e-05,0.000154555,0.000154555,1.62202864237e-05
LQWHPQMGK,4.0,9,1124.327,0.00296695,0.00296695,0.000143122124425,0.00094018,0.00094018,2.61392868431e-05
LQWHPQNGK,4.0,9,1107.238,0.00206975,0.00206975,0.000293018422345,0.001521575,0.001521575,5.14970124538e-05
LQWHPQPGK,4.0,9,1090.251,0.002063575,0.002063575,0.000257864952947,9.04155e-05,9.04155e-05,1.50887923887e-05
LQWHPQQGK,4.0,9,1121.265,0.002884925,0.002884925,0.000291415043009,0.00084073,0.00084073,6.98531713668e-05
LQWHPQRGK,4.0,9,1149.322,0.0013039,0.0013039,8.30606705969e-05,0.000539115,0.000539115,3.61706198684e-05
LQWHPQSGK,4.0,9,1080.212,0.00257665,0.00257665,0.0001842846417,0.001532675,0.001532675,0.000111412000962
LQWHPQTGK,3.0,9,1094.239,0.00266733333333,0.00266733333333,0.000144520556016,0.00061828,0.00061828,3.09186179079e-05
LQWHPQVGK,4.0,9,1092.267,0.002259425,0.002259425,0.000218990282794,0.00117461,0.00117461,8.42844020761e-05
LQWHPQWGK,4.0,9,1179.347,0.0008402175,0.0008402175,9.6207860245e-05,0.0006101225,0.0006101225,4.85222423869e-05
LQWHPQYGK,4.0,9,1156.31,0.0011335575,0.0011335575,6.62219989096e-05,0.00079134,0.00079134,5.29297474646e-05
LQWHPRAGK,4.0,9,1092.27,0.00145625,0.00145625,0.000177039357677,-2.360325e-05,0.0,3.42292070153e-05
LQWHPSAGK,4.0,9,1023.16,0.002491925,0.002491925,0.000196709203204,1.231965e-05,1.231965e-05,2.68014335249e-05
LQWHPTAGK,3.0,9,1037.187,0.00223626666667,0.00223626666667,0.000148588720224,1.20003333333e-05,1.20003333333e-05,3.45380442668e-05
LQWHPVAGK,4.0,9,1035.215,0.0023309,0.0023309,0.000402241471838,-3.34345e-05,0.0,3.14686699552e-05
LQWHPWAGK,3.0,9,1122.295,0.00117502,0.00117502,0.000166152527516,4.72833333333e-06,4.72833333333e-06,2.81475669424e-05
LQWHPYAGK,4.0,9,1099.258,0.001443275,0.001443275,0.000107025194658,5.0739475e-05,5.0739475e-05,3.2391304474e-05
LQWHQQAGK,4.0,9,1095.227,0.001751225,0.001751225,4.77883244981e-05,-3.6522775e-05,0.0,1.25383770328e-05
LQWHRQAGK,4.0,9,1123.284,0.0013732,0.0013732,0.000114935104878,-5.7716e-05,0.0,8.68160658135e-06
LQWHSQAGK,4.0,9,1054.174,0.0011718175,0.0011718175,0.000167882257171,1.136205e-05,1.136205e-05,1.8335970428e-05
LQWHTQAGK,4.0,9,1068.201,0.0012956,0.0012956,0.000144625764187,-1.203275e-05,0.0,2.68877155574e-05
LQWHVQAGK,4.0,9,1066.229,0.0011705875,0.0011705875,0.00017896052681,2.6733e-05,2.6733e-05,1.57953907834e-05
LQWHWQAGK,4.0,9,1153.309,0.0007492975,0.0007492975,0.000102651619923,2.173325e-05,2.173325e-05,1.99390965918e-05
LQWHYQAGK,4.0,9,1130.272,0.0009206875,0.0009206875,0.000165023885108,-6.46725e-06,0.0,1.61394922854e-05
LQWIPQAGK,4.0,9,1040.232,0.0025322,0.0025322,0.000183046219118,-8.202965e-05,0.0,4.36540018042e-05
LQWKPQAGK,4.0,9,1055.246,0.0031615,0.0031615,0.000386320508128,1.94461175e-05,1.94461175e-05,3.46588342068e-05
LQWLPQAGK,4.0,9,1040.232,0.002540225,0.002540225,0.000105434872275,-4.523955e-05,0.0,2.34726360344e-05
LQWMPQAGK,3.0,9,1058.265,0.00278883333333,0.00278883333333,0.000227171780329,-1.96396666667e-05,0.0,5.48209802002e-05
LQWNPQAGK,4.0,9,1041.176,0.002814675,0.002814675,0.000353527291203,5.1871e-05,5.1871e-05,2.71382511104e-05
LQWPPQAGK,4.0,9,1024.189,0.003313775,0.003313775,0.000330472609493,-4.3517925e-05,0.0,5.07667145016e-05
LQWQPQAGK,4.0,9,1055.203,0.00233005,0.00233005,0.000297196232872,-1.0777e-05,0.0,2.34035819659e-05
LQWRPQAGK,4.0,9,1083.26,0.002568425,0.002568425,0.000351173383993,-5.1892875e-05,0.0,2.34161274894e-05
LQWSPQAGK,4.0,9,1014.15,0.0023706,0.0023706,0.000319848727265,-5.27525e-06,0.0,3.00127759251e-05
LQWTPQAGK,4.0,9,1028.177,0.003010325,0.003010325,0.000100904264652,3.367525e-05,3.367525e-05,3.21609321807e-05
LQWVPQAGK,4.0,9,1026.205,0.0025271,0.0025271,0.000308123657536,-4.1254e-05,0.0,1.42450591727e-05
LQWWPQAGK,4.0,9,1113.285,0.002340425,0.002340425,0.000198638349667,-2.727875e-06,0.0,3.98392320073e-05
LQWYPQAGK,4.0,9,1090.248,0.00282855,0.00282855,0.000255410145648,-5.852825e-05,0.0,7.89317349967e-06
LQYHPQAGK,4.0,9,1041.176,0.002356075,0.002356075,0.000245523408168,0.00113595,0.00113595,6.10911136473e-05
LRWHPQAGK,4.0,9,1092.27,0.00344705,0.00344705,0.000490077501524,0.0014869,0.0014869,0.000113817287791
LSWHPQAGK,4.0,9,1023.16,0.002710475,0.002710475,0.000306627168765,0.00150255,0.00150255,2.37382427038e-05
LTWHPQAGK,4.0,9,1037.187,0.002321225,0.002321225,0.000160611043492,0.001556475,0.001556475,9.79589061376e-05
LVWHPQAGK,4.0,9,1035.215,0.003079325,0.003079325,0.000194967674137,0.001657925,0.001657925,3.78304853921e-05
LWWHPQAGK,4.0,9,1122.295,0.002269175,0.002269175,0.000171018158758,0.001585025,0.001585025,4.5472177849e-05
LYWHPQAGK,4.0,9,1099.258,0.002059625,0.002059625,0.000336424665601,0.001807975,0.001807975,2.26999036342e-05
MQWHPQAGK,3.0,9,1082.246,0.00292176666667,0.00292176666667,0.000352080721489,0.00100534333333,0.00100534333333,5.90074928387e-05
NQWHPQAGK,4.0,9,1065.157,0.00242365,0.00242365,0.000329618611681,0.00103243,0.00103243,3.06590862008e-05
PQWHPQAGK,4.0,9,1048.17,0.00244895,0.00244895,0.000239132966848,0.0010605075,0.0010605075,6.95204590241e-05
QQWHPQAGK,4.0,9,1079.184,0.00317125,0.00317125,0.000185696080106,0.0011292475,0.0011292475,6.35844825639e-05
RQWHPQAGK,4.0,9,1107.241,0.002370375,0.002370375,0.00047405834974,0.00094303,0.00094303,0.000100888409889
SQWHPQAGK,4.0,9,1038.131,0.00250845,0.00250845,0.000344051974029,0.0009600725,0.0009600725,4.57495000656e-05
TQWHPQAGK,4.0,9,1052.158,0.00232,0.00232,0.000366147035584,0.0010316075,0.0010316075,0.000131986722904
VQWHPQAGK,4.0,9,1050.186,0.00260175,0.00260175,0.00026468823957,0.001183025,0.001183025,4.74479956549e-05
WQWHPQAGK,4.0,9,1137.266,0.002262125,0.002262125,0.000182882085759,0.001299375,0.001299375,1.24000924056e-05
YQWHPQAGK,4.0,9,1114.229,0.00261305,0.00261305,0.000243810795837,0.001057965,0.001057965,7.15660498537e-05
AKFPIPLGKQSG,4.0,12,1242.486,0.003058225,0.003058225,0.000181085147445,-5.910525e-05,0.0,1.63830953189e-05
CKFPIPLGKQSG,4.0,12,1274.546,0.002578975,0.002578975,0.000300372292261,-5.56845e-05,0.0,4.10675433514e-05
DKFPIPLGKQSG,4.0,12,1286.496,0.003177325,0.003177325,9.4516333465e-05,-3.960365e-05,0.0,1.80885726382e-05
EKFPIPLGKQSG,4.0,12,1300.523,0.002877075,0.002877075,0.000242765467667,-4.70095e-05,0.0,1.98940761137e-05
FKFPIPLGKQSG,4.0,12,1318.584,0.002559975,0.002559975,0.00029580768633,-4.71961e-05,0.0,5.53422755517e-05
GAFPIPLGKQSG,4.0,12,1171.364,0.00289245,0.00289245,0.000335279180932,-1.5568e-05,0.0,7.33190986363e-05
GCFPIPLGKQSG,4.0,12,1203.424,0.00255705,0.00255705,0.000219339062109,3.49805e-05,3.49805e-05,1.25531470523e-05
GDFPIPLGKQSG,4.0,12,1215.374,0.00285325,0.00285325,0.000122338059627,1.00915e-05,1.00915e-05,5.39952722228e-05
GEFPIPLGKQSG,4.0,12,1229.401,0.002729525,0.002729525,4.99233474939e-05,-3.49805e-05,0.0,1.95026404729e-05
GFFPIPLGKQSG,4.0,12,1247.462,0.00248275,0.00248275,0.000165368701694,-2.07875e-06,0.0,2.82857098355e-05
GGFPIPLGKQSG,4.0,12,1157.337,0.00257605,0.00257605,0.000281973103032,-1.288585e-05,0.0,1.75851365758e-05
GHFPIPLGKQSG,4.0,12,1237.426,0.002579325,0.002579325,5.18769919296e-05,3.971125e-06,3.971125e-06,2.75164504164e-05
GIFPIPLGKQSG,4.0,12,1213.445,0.0026753,0.0026753,0.000192145999178,-6.112425e-05,0.0,1.13909230265e-05
GKAPIPLGKQSG,4.0,12,1152.361,0.00313575,0.00313575,0.000290629527922,-6.351985e-05,0.0,2.00406916312e-05
GKCPIPLGKQSG,4.0,12,1184.421,0.002802675,0.002802675,0.000217125832852,-7.54245e-05,0.0,1.71606296723e-05
GKDPIPLGKQSG,4.0,12,1196.371,0.002625525,0.002625525,0.000164994158356,-3.794225e-05,0.0,1.46955518915e-05
GKEPIPLGKQSG,4.0,12,1210.398,0.002728125,0.002728125,0.000433910844097,-6.15333e-05,0.0,4.86656169514e-05
GKFAIPLGKQSG,4.0,12,1202.421,0.0026851,0.0026851,0.000285045373581,-2.098825e-05,0.0,2.3774961547e-05
GKFCIPLGKQSG,4.0,12,1234.481,0.00283045,0.00283045,0.000161177771937,-3.826884e-05,0.0,2.5114006301e-05
GKFDIPLGKQSG,4.0,12,1246.431,0.00317055,0.00317055,0.000230916472994,-7.654275e-05,0.0,2.89105674232e-05
GKFEIPLGKQSG,4.0,12,1260.458,0.00276975,0.00276975,0.000222308121384,-4.1985e-05,0.0,4.490252404e-05
GKFFIPLGKQSG,4.0,12,1278.519,0.00235055,0.00235055,0.000128870041127,-1.510975e-05,0.0,3.16012505617e-05
GKFGIPLGKQSG,4.0,12,1188.394,0.002372275,0.002372275,0.000246618502195,-4.526225e-05,0.0,1.65755498269e-05
GKFHIPLGKQSG,4.0,12,1268.483,0.0027256,0.0027256,0.000295815840797,-1.66002e-05,0.0,2.43343802621e-05
GKFIIPLGKQSG,4.0,12,1244.502,0.002605625,0.002605625,7.35095501165e-05,-3.60575e-06,0.0,1.42354246241e-05
GKFKIPLGKQSG,4.0,12,1259.516,0.002783875,0.002783875,0.000467004140551,-6.508025e-05,0.0,3.69767103557e-05
GKFLIPLGKQSG,4.0,12,1244.502,0.00249665,0.00249665,0.000197804931266,-1.1317625e-05,0.0,1.15116252027e-05
GKFMIPLGKQSG,4.0,12,1262.535,0.0031987,0.0031987,0.000282990621164,-0.00010091675,0.0,2.59546975882e-05
GKFNIPLGKQSG,4.0,12,1245.446,0.002679175,0.002679175,0.000188150105745,-5.88595e-06,0.0,2.34204806392e-05
GKFPAPLGKQSG,4.0,12,1186.378,0.002809225,0.002809225,8.64866981583e-05,-5.379375e-06,0.0,2.6898525351e-05
GKFPCPLGKQSG,4.0,12,1218.438,0.002957225,0.002957225,0.000167930022008,-6.16315e-05,0.0,3.97655492491e-05
GKFPDPLGKQSG,4.0,12,1230.388,0.003013,0.003013,7.93194490652e-05,-1.4037e-05,0.0,3.70651322089e-05
GKFPEPLGKQSG,4.0,12,1244.415,0.00347195,0.00347195,0.000432415696023,-3.464205e-05,0.0,2.5461841748e-05
GKFPFPLGKQSG,4.0,12,1262.476,0.002617475,0.002617475,0.000172727827207,-1.2233725e-05,0.0,1.68357550764e-05
GKFPGPLGKQSG,4.0,12,1172.351,0.00283825,0.00283825,0.000198312810563,-9.47443e-05,0.0,3.58769827321e-05
GKFPHPLGKQSG,4.0,12,1252.44,0.003015475,0.003015475,0.000243051518459,-4.88751e-05,0.0,1.95920253073e-05
GKFPIALGKQSG,4.0,12,1202.421,0.002713375,0.002713375,0.000180639398503,-2.6591075e-05,0.0,1.10620234755e-05
GKFPICLGKQSG,4.0,12,1234.481,0.00260625,0.00260625,0.000123236564514,-5.43435e-05,0.0,3.12788720238e-05
GKFPIDLGKQSG,4.0,12,1246.431,0.002930875,0.002930875,0.000395073150136,-5.0232825e-05,0.0,2.92516126723e-05
GKFPIELGKQSG,4.0,12,1260.458,0.003439925,0.003439925,0.000253676872468,-5.9276325e-05,0.0,2.39011884315e-05
GKFPIFLGKQSG,4.0,12,1278.519,0.001712375,0.001712375,0.000233488045286,-8.08765e-06,0.0,1.94372006495e-05
GKFPIGLGKQSG,4.0,12,1188.394,0.0027583,0.0027583,0.000311539309986,-7.73275e-06,0.0,4.28758216041e-05
GKFPIHLGKQSG,4.0,12,1268.483,0.002033425,0.002033425,0.000191583134152,5.129875e-06,5.129875e-06,1.28522938588e-05
GKFPIILGKQSG,4.0,12,1244.502,0.0028014,0.0028014,0.000148131529392,-2.156175e-05,0.0,3.91093397932e-05
GKFPIKLGKQSG,4.0,12,1259.516,0.0025832,0.0025832,0.000158836614167,-4.31239e-05,0.0,2.15984533793e-05
GKFPILLGKQSG,4.0,12,1244.502,0.00265805,0.00265805,0.000281222558661,-3.1531625e-05,0.0,5.08919072158e-05
GKFPIMLGKQSG,3.0,12,1262.535,0.00212273333333,0.00212273333333,0.000771335543788,-2.8938e-05,0.0,5.0953347332e-05
GKFPINLGKQSG,4.0,12,1245.446,0.0026159,0.0026159,0.00019732149317,5.68475e-06,5.68475e-06,2.17172311517e-05
GKFPIPAGKQSG,4.0,12,1186.378,0.0031851,0.0031851,0.000332103033711,-0.0001111665,0.0,3.36033202067e-05
GKFPIPCGKQSG,4.0,12,1218.438,0.002503375,0.002503375,7.87044722893e-05,-4.737075e-05,0.0,7.13049826888e-06
GKFPIPDGKQSG,3.0,12,1230.388,0.00344023333333,0.00344023333333,0.000415781294005,-2.65936666667e-05,0.0,9.96094243087e-06
GKFPIPEGKQSG,4.0,12,1244.415,0.004196025,0.004196025,0.000144749907168,-7.24361e-05,0.0,4.21469850248e-05
GKFPIPFGKQSG,4.0,12,1262.476,0.00241145,0.00241145,0.000309589353015,-1.4431575e-05,0.0,3.15626463982e-05
GKFPIPGGKQSG,4.0,12,1172.351,0.003001425,0.003001425,0.00027123202667,-5.717625e-05,0.0,3.07855185798e-05
GKFPIPHGKQSG,4.0,12,1252.44,0.002127125,0.002127125,0.000328376238419,8.546e-06,8.546e-06,2.93357798175e-05
GKFPIPIGKQSG,4.0,12,1228.459,0.0025674,0.0025674,0.000273752981719,2.40280375e-05,2.40280375e-05,4.66480703547e-05
GKFPIPKGKQSG,4.0,12,1243.473,0.002882825,0.002882825,0.00017352044248,-2.3141575e-05,0.0,4.19637581134e-05
GKFPIPLAKQSG,4.0,12,1242.486,0.002806825,0.002806825,2.88819255764e-05,2.010525e-05,2.010525e-05,1.95877315063e-05
GKFPIPLCKQSG,4.0,12,1274.546,0.002421825,0.002421825,0.000104441437937,6.2972575e-05,6.2972575e-05,4.56038029889e-05
GKFPIPLDKQSG,4.0,12,1286.496,0.0037709,0.0037709,0.000288120767503,-7.451675e-05,0.0,3.58585960716e-05
GKFPIPLEKQSG,4.0,12,1300.523,0.0034953,0.0034953,0.000165911386991,-5.934375e-05,0.0,2.33981511605e-05
GKFPIPLFKQSG,4.0,12,1318.584,0.00146355,0.00146355,0.000124283959142,6.042325e-06,6.042325e-06,2.87588526589e-05
GKFPIPLGAQSG,4.0,12,1171.364,0.0027702,0.0027702,0.000133404266548,-2.9362e-05,0.0,5.6413530577e-05
GKFPIPLGCQSG,4.0,12,1203.424,0.001743575,0.001743575,0.000212885205275,-5.31895e-05,0.0,8.89320532298e-06
GKFPIPLGDQSG,4.0,12,1215.374,0.0040092,0.0040092,9.24958377442e-05,-6.409325e-05,0.0,2.89856369414e-05
GKFPIPLGEQSG,4.0,12,1229.401,0.00390955,0.00390955,0.000149879854661,-6.6891e-05,0.0,2.65021496801e-05
GKFPIPLGFQSG,4.0,12,1247.462,0.001505925,0.001505925,0.000158868170585,-1.844775e-05,0.0,3.70759405598e-05
GKFPIPLGGQSG,4.0,12,1157.337,0.002187725,0.002187725,0.000114056991419,-1.29625e-06,0.0,2.20375935558e-05
GKFPIPLGHQSG,4.0,12,1237.426,0.001333275,0.001333275,7.07598918291e-05,1.240525e-05,1.240525e-05,1.31641372257e-05
GKFPIPLGIQSG,4.0,12,1213.445,0.002137125,0.002137125,0.000203612730344,-4.5944e-05,0.0,2.73190381816e-05
GKFPIPLGKASG,4.0,12,1171.407,0.0029133,0.0029133,0.000352912890574,-7.95085e-05,0.0,4.51846565412e-05
GKFPIPLGKCSG,4.0,12,1203.467,0.0018373,0.0018373,0.000134237258862,-2.033275e-05,0.0,3.61252954553e-05
GKFPIPLGKDSG,4.0,12,1215.417,0.0042578,0.0042578,0.000251544154507,-2.48626e-05,0.0,3.86534112069e-05
GKFPIPLGKESG,4.0,12,1229.444,0.004229425,0.004229425,0.000403660732908,-8.902725e-05,0.0,2.39786437877e-05
GKFPIPLGKFSG,4.0,12,1247.505,0.001522475,0.001522475,0.000122874138688,-3.6873e-05,0.0,2.02633944549e-05
GKFPIPLGKGSG,4.0,12,1157.38,0.00275065,0.00275065,0.000146184726174,9.462e-06,9.462e-06,2.71545011646e-05
GKFPIPLGKHSG,4.0,12,1237.469,0.0011600675,0.0011600675,0.000201078094422,-1.07065e-05,0.0,2.67474971991e-05
GKFPIPLGKISG,4.0,12,1213.488,0.0023754,0.0023754,0.000466753112827,-1.30235e-05,0.0,1.9009942848e-05
GKFPIPLGKKSG,4.0,12,1228.502,0.0029649,0.0029649,0.000296054001268,-4.8363e-05,0.0,5.22771534452e-05
GKFPIPLGKLSG,4.0,12,1213.488,0.00222235,0.00222235,0.000242066039543,-6.5014e-05,0.0,3.61004120314e-05
GKFPIPLGKMSG,4.0,12,1231.521,0.0031451,0.0031451,0.000186062480545,-7.01525e-05,0.0,4.85694630546e-05
GKFPIPLGKNSG,4.0,12,1214.432,0.0020894,0.0020894,0.000160460197557,-1.0222275e-05,0.0,2.30159088605e-05
GKFPIPLGKPSG,4.0,12,1197.445,0.002992025,0.002992025,0.000394225329761,-3.3937375e-05,0.0,1.83530674859e-05
GKFPIPLGKQAG,3.0,12,1212.46,0.0021952,0.0021952,0.000449855802823,-2.285e-06,0.0,1.31190175064e-05
GKFPIPLGKQCG,4.0,12,1244.52,0.001555475,0.001555475,0.000103565730939,-2.95715e-05,0.0,1.90458822431e-05
GKFPIPLGKQDG,4.0,12,1256.47,0.003596625,0.003596625,0.000382615739298,-2.65755e-05,0.0,4.63374514216e-05
GKFPIPLGKQEG,4.0,12,1270.497,0.004333025,0.004333025,0.000218744258496,6.549e-06,6.549e-06,3.03769540304e-05
GKFPIPLGKQFG,4.0,12,1288.558,0.001318335,0.001318335,0.00011880059438,4.6470225e-05,4.6470225e-05,3.84832177085e-05
GKFPIPLGKQGG,4.0,12,1198.433,0.002405325,0.002405325,0.000119768550233,-6.0528e-05,0.0,1.91512339594e-05
GKFPIPLGKQHG,4.0,12,1278.522,0.000819455,0.000819455,0.000157943595919,-1.3251e-05,0.0,4.92141190784e-06
GKFPIPLGKQIG,4.0,12,1254.541,0.0021727,0.0021727,0.000219444157665,9.1675e-07,9.1675e-07,4.30550084531e-05
GKFPIPLGKQKG,4.0,12,1269.555,0.0031189,0.0031189,0.000211599763705,-6.5207675e-05,0.0,2.61319180809e-05
GKFPIPLGKQLG,4.0,12,1254.541,0.002506775,0.002506775,0.000334405568073,-4.4531e-05,0.0,6.29713955512e-05
GKFPIPLGKQMG,4.0,12,1272.574,0.003313925,0.003313925,0.000326036167153,-1.775e-07,0.0,5.59469656036e-05
GKFPIPLGKQNG,4.0,12,1255.485,0.0015460525,0.0015460525,0.000291639662523,5.8726e-05,5.8726e-05,3.83684653133e-05
GKFPIPLGKQPG,3.0,12,1238.498,0.0027347,0.0027347,0.000413029446085,-6.7054e-05,0.0,2.65654714307e-05
GKFPIPLGKQQG,4.0,12,1269.512,0.002722625,0.002722625,0.000202813491395,-4.216215e-05,0.0,2.57585513786e-05
GKFPIPLGKQRG,4.0,12,1297.569,0.000802145,0.000802145,0.000124964464115,2.382725e-05,2.382725e-05,4.32273828809e-05
GKFPIPLGKQSA,4.0,12,1242.486,0.00298615,0.00298615,8.96219978577e-05,-7.3195e-06,0.0,4.01184997362e-05
GKFPIPLGKQSC,4.0,12,1274.546,0.001531875,0.001531875,0.000182850003988,-1.708425e-05,0.0,2.08687796376e-05
GKFPIPLGKQSD,4.0,12,1286.496,0.00437585,0.00437585,0.000384611974376,-8.210875e-05,0.0,3.51897782776e-05
GKFPIPLGKQSE,4.0,12,1300.523,0.004224125,0.004224125,0.000129778274858,1.6361675e-05,1.6361675e-05,1.64475160426e-05
GKFPIPLGKQSF,4.0,12,1318.584,0.00134385,0.00134385,5.80686160216e-05,1.266525e-06,1.266525e-06,7.51496785948e-06
GKFPIPLGKQSG,47.0,12,1228.459,0.00280097021277,0.00280097021277,7.60083794443e-05,-2.26518604255e-05,0.0,8.49766321326e-06
GKFPIPLGKQSH,4.0,12,1308.548,0.0009900525,0.0009900525,0.000100726051527,1.831345e-05,1.831345e-05,1.05799359498e-05
GKFPIPLGKQSI,4.0,12,1284.567,0.002118275,0.002118275,0.000204363843732,-4.399575e-05,0.0,1.47908803624e-05
GKFPIPLGKQSK,4.0,12,1299.581,0.00310285,0.00310285,0.00041783425442,-1.9662e-05,0.0,1.79008762309e-05
GKFPIPLGKQSL,4.0,12,1284.567,0.002077575,0.002077575,0.000301175265626,3.052575e-05,3.052575e-05,2.92587835654e-05
GKFPIPLGKQSM,4.0,12,1302.6,0.00368455,0.00368455,0.000216767819337,-4.221125e-05,0.0,2.47113441506e-05
GKFPIPLGKQSN,4.0,12,1285.511,0.001537025,0.001537025,0.000112024672692,-2.39385e-05,0.0,1.82959266892e-05
GKFPIPLGKQSP,4.0,12,1268.524,0.002557175,0.002557175,0.000163709490536,-4.78515e-05,0.0,1.29681260179e-05
GKFPIPLGKQSQ,4.0,12,1299.538,0.002628375,0.002628375,1.84174453078e-05,-3.9815875e-05,0.0,2.2630753847e-05
GKFPIPLGKQSR,4.0,12,1327.595,0.00107539,0.00107539,0.000248067718006,-1.3027e-06,0.0,4.10756024726e-05
GKFPIPLGKQSS,4.0,12,1258.485,0.002648475,0.002648475,0.000370722572317,-2.864665e-06,0.0,1.16439333826e-05
GKFPIPLGKQST,4.0,12,1272.512,0.002492025,0.002492025,0.000311772712017,3.045025e-05,3.045025e-05,2.56282146614e-05
GKFPIPLGKQSV,4.0,12,1270.54,0.0022085,0.0022085,0.000229228841263,-3.328555e-05,0.0,2.34741191232e-05
GKFPIPLGKQSW,4.0,12,1357.62,0.00110267,0.00110267,0.000427879812817,-2.1461e-05,0.0,2.36107176087e-05
GKFPIPLGKQSY,4.0,12,1334.583,0.0010471075,0.0010471075,0.000219112447211,-1.06358e-05,0.0,2.04065391727e-05
GKFPIPLGKQTG,4.0,12,1242.486,0.002601525,0.002601525,0.000196240831527,7.304e-06,7.304e-06,5.45195948215e-05
GKFPIPLGKQVG,4.0,12,1240.514,0.00263685,0.00263685,0.00013056526146,-4.5291425e-05,0.0,2.48406960805e-05
GKFPIPLGKQWG,4.0,12,1327.594,0.0007875575,0.0007875575,0.000179955688359,-4.6405975e-05,0.0,1.91013927036e-05
GKFPIPLGKQYG,4.0,12,1304.557,0.0011082025,0.0011082025,0.000136734884623,1.975875e-05,1.975875e-05,2.25953190668e-05
GKFPIPLGKRSG,4.0,12,1256.516,0.00108063,0.00108063,0.000248267604075,-2.6375e-06,0.0,2.45903453226e-05
GKFPIPLGKSSG,4.0,12,1187.406,0.002722725,0.002722725,0.000237112372709,-4.47818e-05,0.0,1.89551292216e-05
GKFPIPLGKTSG,4.0,12,1201.433,0.001949,0.001949,0.000118753028032,-2.270202375e-05,0.0,1.52128207434e-05
GKFPIPLGKVSG,4.0,12,1199.461,0.00239755,0.00239755,0.000160771092447,1.057975e-06,1.057975e-06,1.47168428804e-05
GKFPIPLGKWSG,4.0,12,1286.541,0.001089235,0.001089235,0.000162965513658,8.19625e-06,8.19625e-06,4.34626898239e-05
GKFPIPLGKYSG,4.0,12,1263.504,0.001447715,0.001447715,0.000175140351028,-2.14251e-05,0.0,2.98665976214e-05
GKFPIPLGLQSG,4.0,12,1213.445,0.002165125,0.002165125,0.000234787958859,-7.96475e-06,0.0,2.78808649477e-05
GKFPIPLGMQSG,3.0,12,1231.478,0.00244726666667,0.00244726666667,0.000226678431067,-2.40503333333e-05,0.0,2.18773729481e-05
GKFPIPLGNQSG,3.0,12,1214.389,0.00252866666667,0.00252866666667,0.000149913823393,7.79833333333e-06,7.79833333333e-06,9.31440150758e-06
GKFPIPLGPQSG,4.0,12,1197.402,0.0027179,0.0027179,0.000355985222072,-4.639425e-05,0.0,4.4265506602e-05
GKFPIPLGQQSG,4.0,12,1228.416,0.002792375,0.002792375,0.000125994321135,8.27855e-06,8.27855e-06,4.20576982482e-05
GKFPIPLGRQSG,4.0,12,1256.473,0.0018666,0.0018666,0.000101454037212,-4.522275e-06,0.0,1.09744391334e-05
GKFPIPLGSQSG,4.0,12,1187.363,0.002755325,0.002755325,0.000164756807522,-2.7310825e-05,0.0,2.79018636151e-05
GKFPIPLGTQSG,4.0,12,1201.39,0.002052525,0.002052525,0.000195733106444,-2.618865125e-05,0.0,1.65971634388e-05
GKFPIPLGVQSG,3.0,12,1199.418,0.00227183333333,0.00227183333333,8.9257853685e-05,1.64433333333e-06,1.64433333333e-06,2.25897570175e-05
GKFPIPLGWQSG,4.0,12,1286.498,0.000945785,0.000945785,0.000109036786797,2.1161e-06,2.1161e-06,3.11976732216e-05
GKFPIPLGYQSG,4.0,12,1263.461,0.0016308,0.0016308,0.000118534453501,-2.982475e-05,0.0,3.01015779691e-05
GKFPIPLHKQSG,4.0,12,1308.548,0.00213745,0.00213745,0.000272165619002,-2.864e-06,0.0,4.22176454479e-05
GKFPIPLIKQSG,4.0,12,1284.567,0.0024629,0.0024629,0.000319977759644,-2.7243175e-05,0.0,2.13324905667e-05
GKFPIPLKKQSG,4.0,12,1299.581,0.002837,0.002837,0.000231806050396,-1.568345e-05,0.0,2.37920268487e-05
GKFPIPLLKQSG,4.0,12,1284.567,0.0025968,0.0025968,0.000166657148062,-8.1956e-06,0.0,3.412102264e-06
GKFPIPLMKQSG,4.0,12,1302.6,0.003059425,0.003059425,0.00030957698928,2.2976275e-05,2.2976275e-05,5.94500569207e-05
GKFPIPLNKQSG,4.0,12,1285.511,0.0022302,0.0022302,0.000307388974537,-2.3298e-05,0.0,3.22062302461e-06
GKFPIPLPKQSG,4.0,12,1268.524,0.002675225,0.002675225,0.00012549943144,-1.90063e-05,0.0,2.55850781268e-05
GKFPIPLQKQSG,4.0,12,1299.538,0.003175525,0.003175525,0.000171911156197,-8.15755e-05,0.0,2.60080222383e-05
GKFPIPLRKQSG,4.0,12,1327.595,0.0020073,0.0020073,0.000247853165537,2.267225e-05,2.267225e-05,2.63552736733e-05
GKFPIPLSKQSG,4.0,12,1258.485,0.00261765,0.00261765,0.000122075321694,-6.51925e-06,0.0,2.97547729655e-05
GKFPIPLTKQSG,4.0,12,1272.512,0.002718025,0.002718025,0.00043341509429,-5.79945e-05,0.0,3.14204459561e-05
GKFPIPLVKQSG,4.0,12,1270.54,0.002437575,0.002437575,0.00034589451517,-6.62975e-07,0.0,1.92148656132e-05
GKFPIPLWKQSG,4.0,12,1357.62,0.00144625,0.00144625,0.000254888715913,-2.8151925e-05,0.0,1.09060146252e-05
GKFPIPLYKQSG,4.0,12,1334.583,0.0018935,0.0018935,0.000360229068326,-1.776225e-05,0.0,3.13518716915e-05
GKFPIPMGKQSG,4.0,12,1246.492,0.003334225,0.003334225,0.000260749564956,-9.35125e-07,0.0,3.04666605067e-05
GKFPIPNGKQSG,4.0,12,1229.403,0.002848725,0.002848725,0.000410401653617,1.2488e-05,1.2488e-05,4.34152190693e-05
GKFPIPPGKQSG,4.0,12,1212.416,0.00285235,0.00285235,0.000113992963964,3.0024875e-05,3.0024875e-05,3.83245158506e-05
GKFPIPQGKQSG,4.0,12,1243.43,0.00296095,0.00296095,0.000498789523914,-6.5082e-05,0.0,4.5964822903e-05
GKFPIPRGKQSG,4.0,12,1271.487,0.002344125,0.002344125,0.000119544805931,-5.1115325e-05,0.0,2.7993857769e-05
GKFPIPSGKQSG,4.0,12,1202.377,0.00337645,0.00337645,0.000411614936358,-5.3740925e-05,0.0,1.79536481963e-05
GKFPIPTGKQSG,3.0,12,1216.404,0.0027304,0.0027304,0.000354945634335,-5.61661e-05,0.0,3.74357922989e-05
GKFPIPVGKQSG,4.0,12,1214.432,0.003026575,0.003026575,0.000160520047424,-1.7822e-05,0.0,2.57926145599e-05
GKFPIPWGKQSG,4.0,12,1301.512,0.00182305,0.00182305,0.000159910164884,-3.282725e-05,0.0,1.87633618673e-05
GKFPIPYGKQSG,4.0,12,1278.475,0.0020068,0.0020068,0.000368772775568,-3.737925e-05,0.0,3.18849244873e-05
GKFPIQLGKQSG,4.0,12,1259.473,0.002562275,0.002562275,0.000166238826066,-7.112675e-05,0.0,9.65673393178e-06
GKFPIRLGKQSG,4.0,12,1287.53,0.00188515,0.00188515,0.00021899628041,2.1114e-05,2.1114e-05,5.1178751175e-05
GKFPISLGKQSG,4.0,12,1218.42,0.002415525,0.002415525,0.000393114892822,-4.3727e-05,0.0,4.14637925484e-05
GKFPITLGKQSG,3.0,12,1232.447,0.0019358,0.0019358,0.000225344676736,-4.90646666667e-05,0.0,3.53101294925e-05
GKFPIVLGKQSG,4.0,12,1230.475,0.002737675,0.002737675,0.000314795921657,-1.63915e-06,0.0,2.28591231328e-05
GKFPIWLGKQSG,3.0,12,1317.555,0.0018873,0.0018873,0.00020517319513,4.39684666667e-05,4.39684666667e-05,3.47612900482e-05
GKFPIYLGKQSG,4.0,12,1294.518,0.00174135,0.00174135,7.83594016908e-05,-2.25975575e-05,0.0,2.45265026485e-05
GKFPKPLGKQSG,4.0,12,1243.473,0.00295915,0.00295915,6.06107594959e-05,-3.5777e-05,0.0,2.93390011049e-05
GKFPLPLGKQSG,4.0,12,1228.459,0.003140875,0.003140875,0.000198832447784,-3.71933e-05,0.0,1.68391148804e-05
GKFPMPLGKQSG,4.0,12,1246.492,0.003244075,0.003244075,0.000190487919018,-5.97165e-05,0.0,1.00829353406e-05
GKFPNPLGKQSG,4.0,12,1229.403,0.003045175,0.003045175,0.000215908867253,-8.46675e-05,0.0,1.97022985694e-05
GKFPPPLGKQSG,4.0,12,1212.416,0.0028975575,0.0028975575,0.000817921150829,-1.1052725e-05,0.0,1.86636129298e-05
GKFPQPLGKQSG,4.0,12,1243.43,0.003005725,0.003005725,0.000598644736572,2.4087525e-05,2.4087525e-05,9.69531919497e-06
GKFPRPLGKQSG,4.0,12,1271.487,0.00312025,0.00312025,8.99938562718e-05,-1.245375e-05,0.0,4.00497096959e-05
GKFPSPLGKQSG,4.0,12,1202.377,0.00351495,0.00351495,0.00039744209746,-1.976025e-05,0.0,8.44501683049e-05
GKFPTPLGKQSG,4.0,12,1216.404,0.003031675,0.003031675,0.00035923560137,-5.506e-05,0.0,3.5602087495e-05
GKFPVPLGKQSG,4.0,12,1214.432,0.00270265,0.00270265,0.000249902836118,-3.648175e-05,0.0,2.78228796328e-05
GKFPWPLGKQSG,3.0,12,1301.512,0.00263306666667,0.00263306666667,8.75354658283e-05,-6.4333e-05,0.0,2.16077279077e-05
GKFPYPLGKQSG,4.0,12,1278.475,0.002625325,0.002625325,7.91637688066e-05,2.53245e-05,2.53245e-05,2.32571188474e-05
GKFQIPLGKQSG,4.0,12,1259.473,0.00278335,0.00278335,0.000304615009753,-2.755345e-05,0.0,2.8702902873e-05
GKFRIPLGKQSG,4.0,12,1287.53,0.002238825,0.002238825,0.000207845801718,-2.096585e-05,0.0,2.36300022406e-05
GKFSIPLGKQSG,4.0,12,1218.42,0.00282345,0.00282345,0.000218901973876,-4.64925e-06,0.0,4.04020519495e-05
GKFTIPLGKQSG,4.0,12,1232.447,0.002320775,0.002320775,0.000516027144594,-4.2415975e-05,0.0,1.18902746037e-05
GKFVIPLGKQSG,4.0,12,1230.475,0.002205375,0.002205375,0.00021124636634,1.2152e-05,1.2152e-05,3.91979591688e-05
GKFWIPLGKQSG,4.0,12,1317.555,0.001956625,0.001956625,0.000429545603662,-7.49375e-05,0.0,1.96754523053e-05
GKFYIPLGKQSG,4.0,12,1294.518,0.002567825,0.002567825,0.000146890046038,-3.5316e-05,0.0,3.08323592459e-05
GKGPIPLGKQSG,4.0,12,1138.334,0.003285625,0.003285625,0.000144213195045,-6.491825e-05,0.0,2.67185905048e-05
GKHPIPLGKQSG,4.0,12,1218.423,0.003097275,0.003097275,0.00018491447291,-3.59495e-05,0.0,4.78700189341e-05
GKIPIPLGKQSG,4.0,12,1194.442,0.002982575,0.002982575,0.000163581179515,-1.583925e-05,0.0,3.13049019654e-05
GKKPIPLGKQSG,4.0,12,1209.456,0.002995425,0.002995425,0.000308840294152,-6.5572e-05,0.0,3.56965452974e-05
GKLPIPLGKQSG,4.0,12,1194.442,0.003058575,0.003058575,0.000340024345636,-1.95645e-05,0.0,3.30459890569e-05
GKMPIPLGKQSG,4.0,12,1212.475,0.003343025,0.003343025,0.000291238628891,-3.2860925e-05,0.0,2.96537748199e-05
GKNPIPLGKQSG,4.0,12,1195.386,0.00305405,0.00305405,0.000222001015388,2.39245e-05,2.39245e-05,7.06199983969e-05
GKPPIPLGKQSG,4.0,12,1178.399,0.0033207,0.0033207,0.00012414434475,-3.28204675e-05,0.0,4.05592646959e-05
GKQPIPLGKQSG,4.0,12,1209.413,0.00342065,0.00342065,0.000163260602004,-5.93585e-05,0.0,1.89693757607e-05
GKRPIPLGKQSG,4.0,12,1237.47,0.0028211,0.0028211,0.000196382929503,-6.1470925e-05,0.0,2.10195223599e-05
GKSPIPLGKQSG,4.0,12,1168.36,0.00300575,0.00300575,0.000364092885356,-6.47615e-05,0.0,2.96405910605e-05
GKTPIPLGKQSG,4.0,12,1182.387,0.00350235,0.00350235,0.00030377902742,-6.3423e-05,0.0,1.70370475875e-05
GKVPIPLGKQSG,4.0,12,1180.415,0.003594,0.003594,0.000174874974386,-0.00010281775,0.0,2.7510890057e-05
GKWPIPLGKQSG,3.0,12,1267.495,0.00286416666667,0.00286416666667,0.000124853051402,-5.14093333333e-05,0.0,2.11612400104e-05
GKYPIPLGKQSG,4.0,12,1244.458,0.002797175,0.002797175,0.000387463396927,1.4025e-05,1.4025e-05,4.40210456505e-05
GLFPIPLGKQSG,4.0,12,1213.445,0.00279135,0.00279135,0.00029145617881,-3.5189175e-05,0.0,2.08571913465e-05
GMFPIPLGKQSG,4.0,12,1231.478,0.003055625,0.003055625,0.000185387352926,-1.993e-06,0.0,2.47301524089e-05
GNFPIPLGKQSG,4.0,12,1214.389,0.002866175,0.002866175,0.000122659123692,-6.1148e-05,0.0,3.54474722536e-05
GPFPIPLGKQSG,4.0,12,1197.402,0.00276535,0.00276535,0.00023491587324,-2.22325e-05,0.0,5.7929633968e-06
GQFPIPLGKQSG,3.0,12,1228.416,0.00262813333333,0.00262813333333,0.000257939116417,-2.7726e-05,0.0,3.68462867102e-05
GQFQVWIPGAQK,4.0,12,1358.565,0.0025786,0.0025786,0.000270010922619,-2.492585e-05,0.0,9.47203801139e-06
GRFPIPLGKQSG,4.0,12,1256.473,0.00246055,0.00246055,0.000500497756405,-6.175675e-05,0.0,4.44701373009e-05
GSFPIPLGKQSG,4.0,12,1187.363,0.002915475,0.002915475,0.000368073840814,-1.68455e-05,0.0,5.17583256773e-05
GTFPIPLGKQSG,4.0,12,1201.39,0.0030613,0.0030613,0.000297528438417,8.283925e-06,8.283925e-06,3.9766303523e-05
GVFPIPLGKQSG,3.0,12,1199.418,0.002663,0.002663,0.000137685777527,-2.83754e-05,0.0,4.72004240838e-05
GWFPIPLGKQSG,4.0,12,1286.498,0.00223565,0.00223565,0.000263064493043,1.53405e-05,1.53405e-05,6.531350616e-05
GYFPIPLGKQSG,3.0,12,1263.461,0.00247593333333,0.00247593333333,0.00047917902129,8.0464e-06,8.0464e-06,1.52256729406e-05
HKFPIPLGKQSG,4.0,12,1308.548,0.002655125,0.002655125,0.000149672566931,-2.5831225e-05,0.0,2.62607776668e-05
IKFPIPLGKQSG,4.0,12,1284.567,0.0025936,0.0025936,0.000237054206178,-4.341825e-05,0.0,1.51019928066e-05
KKFPIPLGKQSG,4.0,12,1299.581,0.00241635,0.00241635,0.000196328655151,-3.8244e-05,0.0,3.56560709721e-05
LKFPIPLGKQSG,4.0,12,1284.567,0.0029402,0.0029402,9.64837378353e-05,-2.9488e-05,0.0,3.4565301168e-05
MKFPIPLGKQSG,4.0,12,1302.6,0.0029336,0.0029336,0.000353050437851,-3.792325e-05,0.0,4.25624633399e-05
NGFQVWIPGAQK,4.0,12,1344.538,0.002628375,0.002628375,0.000264645065371,7.185375e-05,7.185375e-05,4.05497065513e-05
NGQFQVIPGAQK,4.0,12,1286.456,0.00270215,0.00270215,0.000295705195254,-2.856575e-05,0.0,3.14830600969e-05
NGQFQVWIGAQK,4.0,12,1375.552,0.00129174,0.00129174,0.000230024194416,-1.40745e-05,0.0,3.72057423111e-05
NGQFQVWIPAQK,4.0,12,1415.617,0.00225625,0.00225625,0.000410205607998,3.762475e-06,3.762475e-06,3.51930773445e-05
NGQFQVWIPGAK,4.0,12,1344.538,0.002087325,0.002087325,0.000116404863694,1.3731475e-05,1.3731475e-05,2.50068970628e-05
NGQFQVWIPGAQ,3.0,12,1344.495,0.0021081,0.0021081,0.000239577134413,1.95504666667e-05,1.95504666667e-05,2.23733460637e-05
NGQFQVWIPGQK,3.0,12,1401.59,0.00251046666667,0.00251046666667,7.68677291051e-05,1.42353333333e-05,1.42353333333e-05,4.43354542337e-05
NGQFQVWPGAQK,4.0,12,1359.509,0.00218545,0.00218545,0.000132543385979,-2.200525e-05,0.0,1.50936583718e-05
NGQFQWIPGAQK,4.0,12,1373.536,0.0026612,0.0026612,0.000204713669956,-3.41245e-06,0.0,2.21022783102e-05
NGQFVWIPGAQK,4.0,12,1344.538,0.002445675,0.002445675,0.00024420678183,-3.38175125e-05,0.0,3.27976644428e-05
NGQQVWIPGAQK,4.0,12,1325.492,0.002990775,0.002990775,0.000143104363869,-5.823275e-05,0.0,2.74242391793e-05
NKFPIPLGKQSG,4.0,12,1285.511,0.0028178,0.0028178,0.000128572379097,-7.3656e-05,0.0,3.98934591736e-05
NQFQVWIPGAQK,4.0,12,1415.617,0.002543925,0.002543925,4.17758378133e-05,-5.381215e-05,0.0,2.66037949684e-05
PKFPIPLGKQSG,4.0,12,1268.524,0.0025349,0.0025349,0.000262035226639,-3.165275e-05,0.0,3.3000394895e-05
QKFPIPLGKQSG,4.0,12,1299.538,0.002289125,0.002289125,0.000348959926962,6.53155e-05,6.53155e-05,1.60665887766e-05
RKFPIPLGKQSG,4.0,12,1327.595,0.002832875,0.002832875,0.000136632672856,-2.047775e-05,0.0,3.25838086463e-05
SKFPIPLGKQSG,4.0,12,1258.485,0.003048125,0.003048125,0.000133442180831,-9.61875e-06,0.0,2.61131646377e-05
TKFPIPLGKQSG,4.0,12,1272.512,0.002761975,0.002761975,0.000157008765015,-1.02521e-05,0.0,2.90181322515e-05
VKFPIPLGKQSG,4.0,12,1270.54,0.002761375,0.002761375,0.000167807749002,-5.7989075e-05,0.0,2.74450435639e-05
WKFPIPLGKQSG,4.0,12,1357.62,0.00254685,0.00254685,0.000237512197932,-2.5465975e-05,0.0,1.31899209242e-05
YKFPIPLGKQSG,4.0,12,1334.583,0.0025602,0.0025602,0.000208220540133,-5.266765e-05,0.0,4.43306054146e-05
AGQFQVWIPGAQK,20.0,13,1429.644,0.002516965,0.002516965,0.000108744824021,-1.514911e-05,0.0,1.34481783403e-05
CGQFQVWIPGAQK,19.0,13,1461.704,0.00231606842105,0.00231606842105,0.000109779965751,-1.88736631579e-05,0.0,2.15969391353e-05
DGQFQVWIPGAQK,19.0,13,1473.654,0.00294365263158,0.00294365263158,0.000142619494244,-3.01284473684e-05,0.0,1.93010770069e-05
EGQFQVWIPGAQK,20.0,13,1487.681,0.002937145,0.002937145,8.16249047634e-05,-3.60197e-05,0.0,1.06805373096e-05
FGQFQVWIPGAQK,20.0,13,1505.742,0.0019585865,0.0019585865,0.000173278284885,-6.490725e-06,0.0,1.14825036746e-05
GGQFQVWIPGAQK,19.0,13,1415.617,0.00264146315789,0.00264146315789,0.000100094650297,-1.05572210526e-05,0.0,1.1085587899e-05
HGQFQVWIPGAQK,20.0,13,1495.706,0.002486315,0.002486315,0.000107608254984,2.962087e-06,2.962087e-06,1.82906744566e-05
IGQFQVWIPGAQK,20.0,13,1471.725,0.002579385,0.002579385,0.000132720773227,-1.08731815e-05,0.0,1.28586447412e-05
KGQFQVWIPGAQK,20.0,13,1486.739,0.00278523,0.00278523,9.30149473274e-05,-1.4215365e-05,0.0,1.4168188553e-05
LGQFQVWIPGAQK,3.0,13,1471.725,0.00227633333333,0.00227633333333,0.000404080240931,-1.55967333333e-05,0.0,1.63577501607e-05
MGQFQVWIPGAQK,4.0,13,1489.758,0.00223235,0.00223235,8.87056602854e-05,1.32985e-06,1.32985e-06,2.0026917178e-05
NAQFQVWIPGAQK,4.0,13,1486.696,0.002002005,0.002002005,0.00039516704277,-3.40475e-06,0.0,2.0203045729e-05
NCQFQVWIPGAQK,3.0,13,1518.756,0.00223523333333,0.00223523333333,0.000204194387234,-1.96647666667e-05,0.0,2.20376285889e-05
NDQFQVWIPGAQK,4.0,13,1530.706,0.0031868,0.0031868,0.000305869885191,2.413625e-05,2.413625e-05,3.71406811694e-05
NEQFQVWIPGAQK,4.0,13,1544.733,0.0024746,0.0024746,0.000159880179093,-3.670125e-05,0.0,5.91740555964e-05
NFQFQVWIPGAQK,3.0,13,1562.794,0.0022754,0.0022754,3.7920486987e-05,5.49556666667e-05,5.49556666667e-05,9.41301656101e-06
NGAFQVWIPGAQK,4.0,13,1415.617,0.003187575,0.003187575,0.000305513404984,-2.4743375e-05,0.0,3.32178913234e-05
NGCFQVWIPGAQK,4.0,13,1447.677,0.0018563,0.0018563,0.00022617884148,-4.1797e-05,0.0,3.22124130292e-05
NGDFQVWIPGAQK,2.0,13,1459.627,0.0029422,0.0029422,0.0005982,-3.30355e-05,0.0,1.4155e-06
NGEFQVWIPGAQK,4.0,13,1473.654,0.00276275,0.00276275,0.000124009142808,-2.51979e-05,0.0,1.19206325829e-05
NGFFQVWIPGAQK,4.0,13,1491.715,0.0022033,0.0022033,0.000238537065603,3.88925e-06,3.88925e-06,3.52445081074e-05
NGGFQVWIPGAQK,4.0,13,1401.59,0.002654125,0.002654125,0.000344793593751,3.94955e-05,3.94955e-05,3.98933603676e-05
NGHFQVWIPGAQK,4.0,13,1481.679,0.002284825,0.002284825,0.000263159420551,-3.407515e-05,0.0,1.98689522039e-05
NGIFQVWIPGAQK,4.0,13,1457.698,0.002524275,0.002524275,0.00013769247362,1.5892e-05,1.5892e-05,2.98800665299e-05
NGKFQVWIPGAQK,3.0,13,1472.712,0.0021303,0.0021303,0.000153000958603,-2.57493333333e-05,0.0,2.19000202156e-05
NGLFQVWIPGAQK,4.0,13,1457.698,0.0023292,0.0023292,0.000183984958624,-2.97921e-05,0.0,3.1146872045e-05
NGMFQVWIPGAQK,4.0,13,1475.731,0.00220995,0.00220995,0.000322127245821,-5.883e-05,0.0,1.70185676689e-05
NGNFQVWIPGAQK,4.0,13,1458.642,0.002087375,0.002087375,0.000232852189794,-6.199e-06,0.0,3.08459237015e-05
NGPFQVWIPGAQK,4.0,13,1441.655,0.002324625,0.002324625,0.000100782276674,5.22125e-05,5.22125e-05,3.4491960794e-05
NGQAQVWIPGAQK,4.0,13,1396.571,0.002909,0.002909,0.000194729243652,-8.1174e-06,0.0,9.5589933852e-06
NGQCQVWIPGAQK,4.0,13,1428.631,0.002608125,0.002608125,0.00016981827726,-5.196775e-05,0.0,2.38852156168e-05
NGQDQVWIPGAQK,4.0,13,1440.581,0.003104525,0.003104525,0.000368540267757,-5.34833e-05,0.0,3.28161477303e-05
NGQEQVWIPGAQK,3.0,13,1454.608,0.00336093333333,0.00336093333333,0.000357676065425,-6.42891e-05,0.0,3.67003766958e-05
NGQFAVWIPGAQK,4.0,13,1415.617,0.0025131,0.0025131,0.00016639367476,-5.13325e-06,0.0,3.8235368211e-05
NGQFCVWIPGAQK,4.0,13,1447.677,0.002235,0.002235,0.000369840093824,-4.83729e-05,0.0,1.90140697444e-05
NGQFDVWIPGAQK,4.0,13,1459.627,0.0025157,0.0025157,0.000284181846124,-6.261525e-05,0.0,4.30728470837e-05
NGQFEVWIPGAQK,4.0,13,1473.654,0.0022965,0.0022965,0.000288358096239,-5.46095e-05,0.0,2.66368505349e-05
NGQFFVWIPGAQK,4.0,13,1491.715,0.00203055,0.00203055,9.16895986467e-05,3.454725e-05,3.454725e-05,5.56896577343e-05
NGQFGVWIPGAQK,4.0,13,1401.59,0.002486325,0.002486325,0.000148652746219,-3.5018e-05,0.0,2.46178851143e-05
NGQFHVWIPGAQK,4.0,13,1481.679,0.002500775,0.002500775,0.000244080930482,-3.9785e-06,0.0,3.44859944458e-05
NGQFIVWIPGAQK,4.0,13,1457.698,0.001917925,0.001917925,7.95195927115e-05,-1.5959175e-05,0.0,3.5290659561e-05
NGQFKVWIPGAQK,4.0,13,1472.712,0.002675975,0.002675975,8.88411257527e-05,-2.8867e-05,0.0,2.59533950894e-05
NGQFLVWIPGAQK,4.0,13,1457.698,0.0022362,0.0022362,7.02759442009e-05,-2.384925e-05,0.0,1.81163956973e-05
NGQFMVWIPGAQK,4.0,13,1475.731,0.002244575,0.002244575,0.000189211858222,-2.621875e-05,0.0,3.32359551951e-05
NGQFNVWIPGAQK,4.0,13,1458.642,0.00194555,0.00194555,0.0003246409337,-3.44144e-05,0.0,2.97398144479e-05
NGQFPVWIPGAQK,3.0,13,1441.655,0.0027868,0.0027868,0.000178938099167,-1.07091e-05,0.0,2.54208339657e-05
NGQFQAWIPGAQK,4.0,13,1444.615,0.0027004,0.0027004,0.000381890671528,-2.006325e-05,0.0,4.83915108505e-05
NGQFQCWIPGAQK,4.0,13,1476.675,0.002003175,0.002003175,0.000306027581478,-6.437425e-06,0.0,1.71761399339e-05
NGQFQDWIPGAQK,4.0,13,1488.625,0.0031529,0.0031529,0.000436996577027,-7.374845e-05,0.0,2.57725902204e-05
NGQFQEWIPGAQK,4.0,13,1502.652,0.003262225,0.003262225,0.000265141972583,-6.1653e-05,0.0,2.03938997129e-05
NGQFQFWIPGAQK,4.0,13,1520.713,0.00230915,0.00230915,0.000116895327109,-1.115005e-05,0.0,3.44559639366e-05
NGQFQGWIPGAQK,4.0,13,1430.588,0.0025601,0.0025601,0.000333303802859,1.851475e-06,1.851475e-06,3.18820394035e-05
NGQFQHWIPGAQK,4.0,13,1510.677,0.002409825,0.002409825,0.000149902386989,-3.233445e-06,0.0,8.4795550879e-06
NGQFQIWIPGAQK,4.0,13,1486.696,0.0024614,0.0024614,0.000161628065838,-6.13295e-05,0.0,1.52492637445e-05
NGQFQKWIPGAQK,3.0,13,1501.71,0.00295066666667,0.00295066666667,5.70902891139e-05,6.13923333333e-06,6.13923333333e-06,2.51382782695e-05
NGQFQLWIPGAQK,3.0,13,1486.696,0.00233303333333,0.00233303333333,0.000287825805731,-5.9982e-05,0.0,1.64413321034e-05
NGQFQMWIPGAQK,4.0,13,1504.729,0.0029335,0.0029335,0.000200735701027,-1.766525e-05,0.0,3.02666901102e-05
NGQFQNWIPGAQK,4.0,13,1487.64,0.002346075,0.002346075,0.000205196013505,-5.7771e-05,0.0,3.89958055971e-05
NGQFQPWIPGAQK,4.0,13,1470.653,0.002584375,0.002584375,0.000178546708991,-7.01315e-05,0.0,5.3009623789e-05
NGQFQQWIPGAQK,4.0,13,1501.667,0.002536125,0.002536125,0.000119069310173,3.360975e-05,3.360975e-05,1.49973649595e-05
NGQFQRWIPGAQK,4.0,13,1529.724,0.00235945,0.00235945,0.00034981181965,-2.41252e-05,0.0,8.62028836177e-06
NGQFQSWIPGAQK,4.0,13,1460.614,0.001898,0.001898,0.00021370428556,-7.28675e-06,0.0,2.00602517115e-05
NGQFQTWIPGAQK,4.0,13,1474.641,0.00226035,0.00226035,0.000346564677706,-1.5623925e-05,0.0,8.21208806348e-06
NGQFQVAIPGAQK,4.0,13,1357.535,0.00315715,0.00315715,0.000611352792993,-3.45781e-05,0.0,2.49112783188e-05
NGQFQVCIPGAQK,4.0,13,1389.595,0.002462175,0.002462175,3.69510797091e-05,2.086e-06,2.086e-06,3.07895484892e-05
NGQFQVDIPGAQK,4.0,13,1401.545,0.003248325,0.003248325,0.000153544523266,-6.761025e-05,0.0,9.16392435382e-06
NGQFQVEIPGAQK,4.0,13,1415.572,0.00345765,0.00345765,0.000460854294581,-3.4041925e-05,0.0,8.69138070287e-06
NGQFQVFIPGAQK,4.0,13,1433.633,0.002510825,0.002510825,0.000159140443084,-2.021725e-05,0.0,2.3663796231e-05
NGQFQVGIPGAQK,4.0,13,1343.508,0.0029353,0.0029353,0.000152236625028,-6.78025e-06,0.0,3.68614142665e-05
NGQFQVHIPGAQK,4.0,13,1423.597,0.002094975,0.002094975,0.000191431442798,-2.51906e-05,0.0,1.06385561643e-05
NGQFQVIIPGAQK,4.0,13,1399.616,0.00286325,0.00286325,0.000312270813291,4.7951925e-05,4.7951925e-05,3.16459646165e-05
NGQFQVKIPGAQK,4.0,13,1414.63,0.0031183,0.0031183,0.000241688453041,-2.91315e-05,0.0,4.73328776055e-05
NGQFQVLIPGAQK,4.0,13,1399.616,0.00307085,0.00307085,0.00032678192907,-8.97675e-06,0.0,3.93659241612e-05
NGQFQVMIPGAQK,4.0,13,1417.649,0.002963975,0.002963975,0.000255750999917,-4.9582975e-05,0.0,5.3122966248e-05
NGQFQVNIPGAQK,4.0,13,1400.56,0.0029336,0.0029336,0.000116781640966,1.531065e-05,1.531065e-05,2.35084241289e-05
NGQFQVPIPGAQK,3.0,13,1383.573,0.00299376666667,0.00299376666667,9.9344339435e-05,-3.1928e-05,0.0,1.08464108349e-05
NGQFQVQIPGAQK,4.0,13,1414.587,0.002953775,0.002953775,0.000110153305102,-4.1388e-05,0.0,1.18295617558e-05
NGQFQVRIPGAQK,4.0,13,1442.644,0.002789675,0.002789675,0.000172474492679,-1.5910675e-05,0.0,3.34629007667e-05
NGQFQVSIPGAQK,4.0,13,1373.534,0.00327095,0.00327095,0.000176225189743,-8.208e-05,0.0,2.08819595026e-05
NGQFQVTIPGAQK,4.0,13,1387.561,0.0027554,0.0027554,0.000564920149225,-1.3507925e-05,0.0,3.42744628535e-06
NGQFQVVIPGAQK,4.0,13,1385.589,0.00288705,0.00288705,0.000259277076696,-0.00010100175,0.0,3.48255126604e-05
NGQFQVWAPGAQK,4.0,13,1430.588,0.002018145,0.002018145,0.000375610666371,-2.7753575e-05,0.0,1.55488656541e-05
NGQFQVWCPGAQK,4.0,13,1462.648,0.00214685,0.00214685,0.000191325788905,9.425075e-06,9.425075e-06,1.3891351306e-05
NGQFQVWDPGAQK,4.0,13,1474.598,0.002819525,0.002819525,4.64836776908e-05,-6.0948525e-05,0.0,2.50905094088e-05
NGQFQVWEPGAQK,4.0,13,1488.625,0.002919725,0.002919725,0.000256006645015,-1.7173675e-05,0.0,7.43209485961e-06
NGQFQVWFPGAQK,4.0,13,1506.686,0.00270345,0.00270345,0.000133773300151,-7.804175e-05,0.0,1.975943172e-05
NGQFQVWGPGAQK,4.0,13,1416.561,0.0020486,0.0020486,0.000186965063581,-3.789735e-05,0.0,1.61130345401e-05
NGQFQVWHPGAQK,4.0,13,1496.65,0.002630275,0.002630275,0.000132596464099,-5.246325e-05,0.0,3.14109703219e-05
NGQFQVWIAGAQK,4.0,13,1446.631,0.0019395,0.0019395,0.000429381553322,-5.11105e-06,0.0,3.22410063739e-05
NGQFQVWICGAQK,4.0,13,1478.691,0.001652125,0.001652125,0.00017655685286,-2.79545e-05,0.0,1.96138590224e-05
NGQFQVWIDGAQK,4.0,13,1490.641,0.002379725,0.002379725,8.22599069515e-05,1.204e-05,1.204e-05,1.58871972932e-05
NGQFQVWIEGAQK,4.0,13,1504.668,0.002657175,0.002657175,0.000411721405352,-2.1443e-05,0.0,1.61097945518e-05
NGQFQVWIFGAQK,4.0,13,1522.729,0.00061394125,0.00061394125,0.000264082988285,1.31876e-05,1.31876e-05,1.42635818115e-05
NGQFQVWIGGAQK,4.0,13,1432.604,0.00181465,0.00181465,0.000308359002085,-6.079675e-05,0.0,3.33696057648e-05
NGQFQVWIHGAQK,4.0,13,1512.693,0.0008503175,0.0008503175,6.6584909123e-05,-6.184e-06,0.0,2.9909513467e-05
NGQFQVWIIGAQK,4.0,13,1488.712,0.0012560575,0.0012560575,0.000226312062515,-1.5504575e-05,0.0,1.37490790217e-05
NGQFQVWIKGAQK,4.0,13,1503.726,0.00183325,0.00183325,0.000191456176448,3.2775825e-05,3.2775825e-05,5.94597748492e-05
NGQFQVWILGAQK,4.0,13,1488.712,0.00146185,0.00146185,0.000260576848869,-3.129e-06,0.0,2.94314613863e-05
NGQFQVWIMGAQK,4.0,13,1506.745,0.00166075,0.00166075,0.00031392717972,-3.35535e-05,0.0,2.21679852058e-05
NGQFQVWINGAQK,4.0,13,1489.656,0.001741625,0.001741625,9.85237820275e-05,2.0693775e-05,2.0693775e-05,1.83349717357e-05
NGQFQVWIPAAQK,4.0,13,1486.696,0.002364475,0.002364475,0.000299651342883,2.2448675e-05,2.2448675e-05,1.98704145206e-05
NGQFQVWIPCAQK,4.0,13,1518.756,0.00184115,0.00184115,0.000146613155958,-2.016125e-05,0.0,1.23464431611e-05
NGQFQVWIPDAQK,4.0,13,1530.706,0.002784325,0.002784325,0.00030063922281,-7.3097275e-05,0.0,2.92437367156e-05
NGQFQVWIPEAQK,4.0,13,1544.733,0.003310375,0.003310375,0.000350414224823,-3.20631e-05,0.0,2.84514238937e-05
NGQFQVWIPFAQK,4.0,13,1562.794,0.001623725,0.001623725,0.000172250792814,-1.757575e-05,0.0,1.65487782952e-05
NGQFQVWIPGAAK,3.0,13,1415.617,0.00233463333333,0.00233463333333,9.16737936623e-05,-1.7658e-05,0.0,3.58783788699e-05
NGQFQVWIPGACK,4.0,13,1447.677,0.0016035375,0.0016035375,0.000227365868311,-4.317975e-05,0.0,1.24699375992e-05
NGQFQVWIPGADK,4.0,13,1459.627,0.003111775,0.003111775,0.000318663974993,-5.7239e-05,0.0,1.42535053993e-05
NGQFQVWIPGAEK,4.0,13,1473.654,0.00324345,0.00324345,0.000263320721744,3.4317375e-05,3.4317375e-05,3.27251236943e-05
NGQFQVWIPGAFK,4.0,13,1491.715,0.0010689325,0.0010689325,7.76062372252e-05,2.8953e-05,2.8953e-05,2.38331388197e-05
NGQFQVWIPGAGK,4.0,13,1401.59,0.0025795,0.0025795,0.000381904586688,-4.645375e-05,0.0,2.92814721635e-05
NGQFQVWIPGAHK,4.0,13,1481.679,0.0007737225,0.0007737225,0.000127680205355,-5.43175e-06,0.0,2.87037889583e-05
NGQFQVWIPGAIK,4.0,13,1457.698,0.00164855,0.00164855,6.34636181866e-05,7.879e-06,7.879e-06,3.36446609682e-05
NGQFQVWIPGAKK,4.0,13,1472.712,0.00286195,0.00286195,0.000174532396706,1.132475e-05,1.132475e-05,2.66362477881e-05
NGQFQVWIPGALK,4.0,13,1457.698,0.00187335,0.00187335,0.000114630627815,-1.2292375e-06,0.0,1.5430968719e-05
NGQFQVWIPGAMK,4.0,13,1475.731,0.002805975,0.002805975,0.000151781248156,2.913075e-06,2.913075e-06,3.18187538108e-05
NGQFQVWIPGANK,4.0,13,1458.642,0.00220705,0.00220705,0.000419012136857,-1.104175e-05,0.0,2.43818532977e-05
NGQFQVWIPGAPK,4.0,13,1441.655,0.0026411,0.0026411,0.000152627296598,5.16325e-06,5.16325e-06,1.6970729941e-05
NGQFQVWIPGAQA,3.0,13,1415.574,0.00225506666667,0.00225506666667,0.000363169126502,-2.0166e-05,0.0,3.15231612681e-05
NGQFQVWIPGAQC,4.0,13,1447.634,0.0015110825,0.0015110825,0.000230437154425,-2.224725e-05,0.0,1.43327373251e-05
NGQFQVWIPGAQD,4.0,13,1459.584,0.00485825,0.00485825,8.52647299102e-05,-3.6791e-05,0.0,8.68659991021e-06
NGQFQVWIPGAQE,4.0,13,1473.611,0.004625,0.004625,0.000378449769895,-3.572575e-05,0.0,4.95413922213e-05
NGQFQVWIPGAQF,4.0,13,1491.672,0.0007932725,0.0007932725,0.000118662487148,6.2137975e-05,6.2137975e-05,2.48180009002e-05
NGQFQVWIPGAQG,4.0,13,1401.547,0.00186985,0.00186985,8.24400135452e-05,3.560625e-05,3.560625e-05,3.83171578852e-05
NGQFQVWIPGAQH,4.0,13,1481.636,0.000389485,0.000389485,0.000263194229373,2.930315e-05,2.930315e-05,2.75834614891e-05
NGQFQVWIPGAQI,4.0,13,1457.655,0.00162775,0.00162775,0.00017550516849,1.665225e-05,1.665225e-05,2.78848055769e-05
NGQFQVWIPGAQK,52.0,13,1472.669,0.00246910153846,0.00246910153846,7.08799356226e-05,1.83217615385e-06,1.83217615385e-06,9.50416805384e-06
NGQFQVWIPGAQL,4.0,13,1457.655,0.0014240075,0.0014240075,0.000194714085836,-9.1271e-06,0.0,1.34392020783e-05
NGQFQVWIPGAQM,4.0,13,1475.688,0.002444625,0.002444625,0.000335326580552,1.150005e-05,1.150005e-05,1.54670114718e-05
NGQFQVWIPGAQN,4.0,13,1458.599,0.0014351,0.0014351,0.00022023668329,-1.692025e-05,0.0,1.82348021942e-05
NGQFQVWIPGAQP,4.0,13,1441.612,0.00201905,0.00201905,0.000269072463908,1.4211575e-05,1.4211575e-05,2.98958836909e-05
NGQFQVWIPGAQQ,4.0,13,1472.626,0.002326175,0.002326175,0.000412507835027,-9.887e-06,0.0,1.06013714915e-05
NGQFQVWIPGAQR,4.0,13,1500.683,0.000825665,0.000825665,0.000178992904585,-6.191375e-06,0.0,2.17925662855e-05
NGQFQVWIPGAQS,4.0,13,1431.573,0.00199815,0.00199815,0.000373229439041,-1.499825e-05,0.0,2.99032271569e-05
NGQFQVWIPGAQT,4.0,13,1445.6,0.0021175,0.0021175,0.000289352579045,1.52325e-05,1.52325e-05,1.60895578844e-05
NGQFQVWIPGAQV,4.0,13,1443.628,0.00172925,0.00172925,0.000378105475804,4.84975e-06,4.84975e-06,5.13705173395e-05
NGQFQVWIPGAQW,4.0,13,1530.708,0.000256515,0.000256515,5.22745338733e-05,2.472475e-05,2.472475e-05,9.75683823766e-06
NGQFQVWIPGAQY,4.0,13,1507.671,0.000902445,0.000902445,0.000134899195049,-3.780425e-05,0.0,5.8577637056e-05
NGQFQVWIPGARK,4.0,13,1500.726,0.0009922275,0.0009922275,0.000353497728007,-1.2975025e-05,0.0,4.28010775806e-06
NGQFQVWIPGASK,4.0,13,1431.616,0.0023888,0.0023888,0.00021857051875,-3.6124225e-05,0.0,2.14158444709e-05
NGQFQVWIPGATK,4.0,13,1445.643,0.002281925,0.002281925,0.000158827350578,1.315e-05,1.315e-05,2.75963468234e-05
NGQFQVWIPGAVK,4.0,13,1443.671,0.001702,0.001702,0.000191987955351,4.785175e-05,4.785175e-05,2.60833314219e-05
NGQFQVWIPGAWK,4.0,13,1530.751,0.00066902,0.00066902,0.000147292572963,-3.94525e-06,0.0,2.4546123239e-05
NGQFQVWIPGAYK,4.0,13,1507.714,0.001092205,0.001092205,0.000115149546352,-3.361775e-05,0.0,3.64432424609e-05
NGQFQVWIPGCQK,4.0,13,1504.729,0.00251595,0.00251595,0.000175974924824,-1.175725e-05,0.0,1.65735797349e-05
NGQFQVWIPGDQK,4.0,13,1516.679,0.003253625,0.003253625,0.000285440280897,1.095225e-06,1.095225e-06,2.67938934424e-05
NGQFQVWIPGEQK,4.0,13,1530.706,0.003447925,0.003447925,0.000457550844852,-4.3950925e-05,0.0,2.37151777983e-05
NGQFQVWIPGFQK,4.0,13,1548.767,0.0017255,0.0017255,0.000319579460646,1.90364e-05,1.90364e-05,2.02290447425e-05
NGQFQVWIPGGQK,4.0,13,1458.642,0.002620025,0.002620025,0.000247055787813,-5.71445e-06,0.0,1.18516655877e-05
NGQFQVWIPGHQK,4.0,13,1538.731,0.0012441325,0.0012441325,0.000162828095619,2.156925e-05,2.156925e-05,3.4677832363e-05
NGQFQVWIPGIQK,4.0,13,1514.75,0.00201085,0.00201085,0.000203468812106,-5.8680375e-05,0.0,2.38574255486e-05
NGQFQVWIPGKQK,3.0,13,1529.764,0.00300236666667,0.00300236666667,0.000414855052331,-6.94886666667e-06,0.0,4.02188136948e-05
NGQFQVWIPGLQK,3.0,13,1514.75,0.0017573,0.0017573,0.000443069580691,6.95666666667e-07,6.95666666667e-07,3.3355992087e-05
NGQFQVWIPGMQK,4.0,13,1532.783,0.003501075,0.003501075,0.000132286912775,-4.6319175e-05,0.0,4.45504439403e-05
NGQFQVWIPGNQK,4.0,13,1515.694,0.0020824,0.0020824,0.000220848345402,-2.5521975e-05,0.0,1.40608901876e-05
NGQFQVWIPGPQK,4.0,13,1498.707,0.002539675,0.002539675,0.000332496802929,4.304475e-05,4.304475e-05,3.84858703777e-05
NGQFQVWIPGQQK,4.0,13,1529.721,0.0027968,0.0027968,0.000276878688839,1.006e-06,1.006e-06,2.83750624963e-05
NGQFQVWIPGRQK,4.0,13,1557.778,0.0017337,0.0017337,0.000173378886642,-1.5661325e-05,0.0,1.31127462882e-05
NGQFQVWIPGSQK,3.0,13,1488.668,0.00293726666667,0.00293726666667,0.000330066055678,-3.96566666667e-05,0.0,3.56492161407e-05
NGQFQVWIPGTQK,4.0,13,1502.695,0.001884825,0.001884825,7.99894719635e-05,-3.018215e-05,0.0,1.21847200292e-05
NGQFQVWIPGVQK,3.0,13,1500.723,0.00258533333333,0.00258533333333,0.00021805750261,-3.31353333333e-05,0.0,5.97165650757e-06
NGQFQVWIPGWQK,4.0,13,1587.803,0.00108322,0.00108322,7.5125415584e-05,5.186325e-05,5.186325e-05,1.53732143536e-05
NGQFQVWIPGYQK,4.0,13,1564.766,0.001403275,0.001403275,7.35089832946e-05,4.313225e-05,4.313225e-05,5.69400172116e-05
NGQFQVWIPHAQK,4.0,13,1552.758,0.0017243,0.0017243,0.000315935328298,6.22885e-06,6.22885e-06,2.40063313438e-05
NGQFQVWIPIAQK,4.0,13,1528.777,0.00212775,0.00212775,0.000257468439814,2.333625e-05,2.333625e-05,3.81252612808e-05
NGQFQVWIPKAQK,4.0,13,1543.791,0.002453875,0.002453875,0.000145422421328,-6.7681e-05,0.0,5.30810564138e-06
NGQFQVWIPLAQK,4.0,13,1528.777,0.00199975,0.00199975,6.19396278646e-05,-3.5833375e-05,0.0,1.38285225642e-05
NGQFQVWIPMAQK,3.0,13,1546.81,0.00274213333333,0.00274213333333,0.000307341961195,-8.50866666667e-06,0.0,1.96477879105e-05
NGQFQVWIPNAQK,4.0,13,1529.721,0.001486325,0.001486325,0.000331072389806,-1.99156e-05,0.0,2.26929994652e-05
NGQFQVWIPPAQK,4.0,13,1512.734,0.0022852,0.0022852,0.000126614684509,5.7405e-06,5.7405e-06,3.25973058613e-05
NGQFQVWIPQAQK,4.0,13,1543.748,0.0028752,0.0028752,0.000261896795831,4.284075e-05,4.284075e-05,2.12226858431e-05
NGQFQVWIPRAQK,4.0,13,1571.805,0.00165265,0.00165265,0.00019960876943,-9.685e-07,0.0,2.48767453207e-05
NGQFQVWIPSAQK,4.0,13,1502.695,0.002772775,0.002772775,0.000361663080723,-8.2628e-06,0.0,2.90425999893e-05
NGQFQVWIPTAQK,4.0,13,1516.722,0.00246645,0.00246645,0.000169692341705,-3.256625e-05,0.0,3.69831216196e-05
NGQFQVWIPVAQK,4.0,13,1514.75,0.002518125,0.002518125,0.000123766361713,-4.98286e-05,0.0,7.37206190557e-05
NGQFQVWIPWAQK,4.0,13,1601.83,0.001435425,0.001435425,0.000110663208091,-3.501775e-05,0.0,2.25879328934e-05
NGQFQVWIPYAQK,4.0,13,1578.793,0.001817275,0.001817275,0.000288411940272,-5.196025e-05,0.0,3.2803964802e-05
NGQFQVWIQGAQK,4.0,13,1503.683,0.001982875,0.001982875,0.00020197184777,-4.8494e-05,0.0,6.59243484053e-05
NGQFQVWIRGAQK,4.0,13,1531.74,0.0011020825,0.0011020825,0.00011720746054,2.0674215e-05,2.0674215e-05,4.27858893943e-05
NGQFQVWISGAQK,4.0,13,1462.63,0.0016417,0.0016417,0.000183016661354,-3.5085e-05,0.0,2.43058785516e-05
NGQFQVWITGAQK,4.0,13,1476.657,0.00230735,0.00230735,0.000302048457757,-1.52514e-05,0.0,2.85304922576e-05
NGQFQVWIVGAQK,4.0,13,1474.685,0.001725355,0.001725355,0.000410602348619,1.9118325e-05,1.9118325e-05,4.11520507163e-05
NGQFQVWIWGAQK,4.0,13,1561.765,0.0008212175,0.0008212175,7.59443528046e-05,3.2493e-05,3.2493e-05,4.43724559797e-05
NGQFQVWIYGAQK,4.0,13,1538.728,0.0008940175,0.0008940175,0.000202441697548,5.432175e-05,5.432175e-05,3.2219022705e-05
NGQFQVWKPGAQK,4.0,13,1487.683,0.002779575,0.002779575,0.000137364766073,-3.0062875e-05,0.0,2.59410803845e-05
NGQFQVWLPGAQK,4.0,13,1472.669,0.002589075,0.002589075,0.000207918266694,-1.88215e-05,0.0,4.03564595666e-05
NGQFQVWMPGAQK,4.0,13,1490.702,0.002763525,0.002763525,0.000203670188356,9.665e-08,9.665e-08,1.89046801866e-05
NGQFQVWNPGAQK,4.0,13,1473.613,0.002142525,0.002142525,0.000126039348188,-7.2085125e-06,0.0,3.79845466969e-06
NGQFQVWPPGAQK,4.0,13,1456.626,0.00252855,0.00252855,6.00793572425e-05,3.054725e-05,3.054725e-05,2.20912585856e-05
NGQFQVWQPGAQK,3.0,13,1487.64,0.00188136666667,0.00188136666667,0.000412854996067,4.47473333333e-05,4.47473333333e-05,5.90584209472e-05
NGQFQVWRPGAQK,4.0,13,1515.697,0.002347425,0.002347425,0.000279105709887,-8.895875e-06,0.0,1.24447725746e-05
NGQFQVWSPGAQK,4.0,13,1446.587,0.0020674,0.0020674,7.68055662045e-05,-4.234175e-05,0.0,1.13793050562e-05
NGQFQVWTPGAQK,4.0,13,1460.614,0.002955225,0.002955225,0.00042168600952,-5.424e-05,0.0,4.049362236e-05
NGQFQVWVPGAQK,4.0,13,1458.642,0.002695,0.002695,0.000234597090775,-3.336725e-05,0.0,3.27222389754e-05
NGQFQVWWPGAQK,4.0,13,1545.722,0.002050075,0.002050075,0.000127524869307,-3.221275e-05,0.0,8.74661302424e-06
NGQFQVWYPGAQK,4.0,13,1522.685,0.0021137,0.0021137,8.94434644529e-05,-6.72025e-06,0.0,2.33484774285e-05
NGQFQVYIPGAQK,4.0,13,1449.632,0.002687825,0.002687825,0.000278028740646,-1.69875e-06,0.0,1.61879611408e-05
NGQFQWWIPGAQK,4.0,13,1559.749,0.0014529575,0.0014529575,0.000246842641116,2.709025e-05,2.709025e-05,2.14502500155e-05
NGQFQYWIPGAQK,3.0,13,1536.712,0.00229836666667,0.00229836666667,0.000330559224816,3.40546666667e-05,3.40546666667e-05,6.43302088119e-05
NGQFRVWIPGAQK,4.0,13,1500.726,0.00209985,0.00209985,9.25198222004e-05,-0.0001446305,0.0,5.48931537648e-05
NGQFSVWIPGAQK,4.0,13,1431.616,0.001893525,0.001893525,0.00018730501139,-1.02925e-06,0.0,4.06305533176e-05
NGQFTVWIPGAQK,4.0,13,1445.643,0.00212965,0.00212965,0.000249817721883,1.38652e-05,1.38652e-05,3.51709616167e-05
NGQFVVWIPGAQK,4.0,13,1443.671,0.0024871,0.0024871,0.000141799723789,-6.166075e-05,0.0,1.79157188588e-05
NGQFWVWIPGAQK,4.0,13,1530.751,0.001893825,0.001893825,0.000142913390876,-1.2509475e-05,0.0,1.74923470821e-05
NGQFYVWIPGAQK,4.0,13,1507.714,0.0016905975,0.0016905975,0.000638021513488,-3.596325e-05,0.0,4.93881441431e-05
NGQGQVWIPGAQK,4.0,13,1382.544,0.00305965,0.00305965,0.000283574156968,-3.685525e-05,0.0,3.92025230701e-05
NGQHQVWIPGAQK,4.0,13,1462.633,0.0027878,0.0027878,0.000238430321757,-5.983e-06,0.0,2.26090756593e-05
NGQIQVWIPGAQK,3.0,13,1438.652,0.00297383333333,0.00297383333333,0.000261700084915,-5.33658666667e-05,0.0,2.83056692452e-05
NGQKQVWIPGAQK,4.0,13,1453.666,0.00244055,0.00244055,0.000280006293084,-4.0053e-05,0.0,2.91049308824e-05
NGQLQVWIPGAQK,4.0,13,1438.652,0.002649725,0.002649725,0.000249268611391,1.581e-06,1.581e-06,5.84194397682e-05
NGQMQVWIPGAQK,4.0,13,1456.685,0.003235425,0.003235425,9.3449347911e-05,-6.05135e-05,0.0,5.69408424742e-06
NGQNQVWIPGAQK,4.0,13,1439.596,0.002634375,0.002634375,0.000252331852841,-5.562e-06,0.0,4.88148048359e-05
NGQPQVWIPGAQK,4.0,13,1422.609,0.0028566,0.0028566,0.000308490007942,-2.6252e-05,0.0,2.8839528085e-05
NGQQQVWIPGAQK,4.0,13,1453.623,0.00321305,0.00321305,0.000312570166789,-1.70695e-05,0.0,2.14209210528e-05
NGQRQVWIPGAQK,4.0,13,1481.68,0.0024705,0.0024705,0.000124965041778,4.8355e-06,4.8355e-06,3.38462196153e-05
NGQSQVWIPGAQK,4.0,13,1412.57,0.002977325,0.002977325,0.000358876109948,2.59578e-05,2.59578e-05,2.73554820884e-05
NGQTQVWIPGAQK,4.0,13,1426.597,0.0029642,0.0029642,0.000169005009788,-7.667525e-05,0.0,8.75380948859e-06
NGQVQVWIPGAQK,4.0,13,1424.625,0.0024539,0.0024539,0.000450582321372,-5.479825e-05,0.0,2.84683893069e-05
NGQWQVWIPGAQK,4.0,13,1511.705,0.002118,0.002118,0.000333521268687,-7.0289e-05,0.0,4.03031811524e-05
NGQYQVWIPGAQK,4.0,13,1488.668,0.002598175,0.002598175,0.000214897430476,8.6777975e-05,8.6777975e-05,4.02412248762e-05
NGRFQVWIPGAQK,4.0,13,1500.726,0.002448075,0.002448075,0.00023233991756,6.555075e-06,6.555075e-06,4.28378632546e-05
NGSFQVWIPGAQK,4.0,13,1431.616,0.002260875,0.002260875,0.000173304497802,2.02805e-05,2.02805e-05,1.86477271113e-05
NGTFQVWIPGAQK,4.0,13,1445.643,0.002600475,0.002600475,0.000224837679875,3.204225e-05,3.204225e-05,2.57997403487e-05
NGVFQVWIPGAQK,4.0,13,1443.671,0.002742675,0.002742675,0.000346682033413,2.43261e-05,2.43261e-05,2.1423772459e-05
NGWFQVWIPGAQK,4.0,13,1530.751,0.001852275,0.001852275,0.000213601097746,-5.671e-06,0.0,4.17542005851e-05
NGYFQVWIPGAQK,4.0,13,1507.714,0.001961325,0.001961325,0.000392144436348,-1.28298e-05,0.0,1.60664604691e-05
NHQFQVWIPGAQK,3.0,13,1552.758,0.00189853333333,0.00189853333333,0.000428017528198,1.1305e-05,1.1305e-05,1.26906659137e-05
NIQFQVWIPGAQK,4.0,13,1528.777,0.00245335,0.00245335,0.000176957906953,-4.39955e-06,0.0,2.17168635168e-05
NKQFQVWIPGAQK,4.0,13,1543.791,0.00247805,0.00247805,0.000161612450531,-2.19345e-05,0.0,2.28576952123e-05
NLQFQVWIPGAQK,4.0,13,1528.777,0.00244855,0.00244855,0.000213650237928,1.256925e-05,1.256925e-05,3.03395530026e-05
NMQFQVWIPGAQK,4.0,13,1546.81,0.002676725,0.002676725,0.000167167736994,4.4964e-06,4.4964e-06,3.47284947201e-05
NNQFQVWIPGAQK,4.0,13,1529.721,0.00235865,0.00235865,0.000183617548635,-4.14694e-05,0.0,5.27988321458e-05
NPQFQVWIPGAQK,4.0,13,1512.734,0.002605475,0.002605475,0.000253403753507,-3.02345e-05,0.0,2.45717967546e-05
NQQFQVWIPGAQK,4.0,13,1543.748,0.0025618,0.0025618,0.000307692300304,-6.3219225e-05,0.0,2.81597948744e-05
NRQFQVWIPGAQK,4.0,13,1571.805,0.002115625,0.002115625,0.000123316614013,-7.42385e-05,0.0,1.35276173962e-05
NSQFQVWIPGAQK,4.0,13,1502.695,0.0020984,0.0020984,0.000213020096861,4.9325e-06,4.9325e-06,3.07885882282e-05
NTQFQVWIPGAQK,4.0,13,1516.722,0.002337175,0.002337175,8.75517787274e-05,-3.46075e-06,0.0,1.5635744116e-05
NVQFQVWIPGAQK,3.0,13,1514.75,0.0024779,0.0024779,0.000368509461661,-1.2101e-05,0.0,5.90195866669e-05
NWQFQVWIPGAQK,4.0,13,1601.83,0.002206375,0.002206375,0.000333592059695,2.084675e-05,2.084675e-05,3.59360963966e-05
NYQFQVWIPGAQK,4.0,13,1578.793,0.00223255,0.00223255,6.54347321127e-05,3.819975e-05,3.819975e-05,3.97193329383e-05
PGQFQVWIPGAQK,4.0,13,1455.682,0.002441125,0.002441125,0.000309544112029,-8.7462025e-05,0.0,5.96463242526e-05
QGQFQVWIPGAQK,3.0,13,1486.696,0.0029343,0.0029343,0.000195925351431,-9.29253333333e-05,0.0,3.29314815454e-05
RGQFQVWIPGAQK,4.0,13,1514.753,0.002672625,0.002672625,0.000282092911334,-2.04145e-05,0.0,1.48544928248e-05
SGQFQVWIPGAQK,4.0,13,1445.643,0.002779125,0.002779125,0.000145527284813,-6.903075e-05,0.0,1.34039597344e-05
TGQFQVWIPGAQK,4.0,13,1459.67,0.00241755,0.00241755,0.000200324272535,3.2954e-05,3.2954e-05,3.15911293219e-05
VGQFQVWIPGAQK,4.0,13,1457.698,0.0023378,0.0023378,0.000144987798337,-3.3579875e-05,0.0,1.5258852492e-05
WGQFQVWIPGAQK,4.0,13,1544.778,0.00224095,0.00224095,0.000159131546736,-1.386175e-05,0.0,1.97809044972e-05
YGQFQVWIPGAQK,4.0,13,1521.741,0.003114875,0.003114875,0.00046748134076,1.0699025e-05,1.0699025e-05,7.21531256223e-06
