Peptide,Peptide Length,Peptide Weight,Number of Spots,Number of Reactions,Reaction Fraction,Kd Filtered Mean,Kd Filtered SD,Kd Filtered SE,Ka Filtered Mean,Ka Filtered SD,Ka Filtered SE
AISPPPK,7,816,74.0,2,0.027027027027,29194.1364865,4868.20690068,565.91755712,0.000221839639094,0.00126231073095,0.000146740641834
THPQFAT,7,909,3.0,3,1.0,28.7,8.98387444258,5.18684232779,0.0369933326697,0.0103950025217,0.00600155750413
WHPQFAT,7,994,4.0,3,0.75,7522.0975,14985.2870746,7492.64353731,0.0453482713545,0.0464294337515,0.0232147168758
WTHPFAT,7,966,4.0,0,0.0,30000.0,0.0,0.0,3.33333333333e-05,0.0,0.0
WTHPQAT,7,948,2.0,1,0.5,15006.2,21204.4353115,14993.8,0.0403392473118,0.0570011701922,0.0403059139785
WTHPQFA,7,994,4.0,3,0.75,7513.8225,14990.7886176,7495.39430879,0.0655448414752,0.0767755353023,0.0383877676511
WTHPQFT,7,1024,3.0,3,1.0,8.50333333333,7.31541067428,4.22355432203,0.251593266872,0.268448862382,0.15498902296
WTHQFAT,7,998,3.0,0,0.0,30000.0,0.0,0.0,3.33333333333e-05,0.0,0.0
WTPQFAT,7,958,4.0,1,0.25,22509.825,14980.35,7490.175,0.00638632315522,0.0127059796438,0.00635298982189
ATHPQFAT,8,998,4.0,4,1.0,6.6925,4.19356948196,2.09678474098,0.211112872503,0.138512872568,0.0692564362842
CTHPQFAT,8,1030,3.0,3,1.0,13.1666666667,1.30511813003,0.753510303697,0.0764593923604,0.0077294871394,0.00446262148063
DTHPQFAT,8,1042,3.0,3,1.0,3.03466666667,2.30359834462,1.32998312437,0.684731243976,0.754144702445,0.435405646964
DYKDDDDK,8,1138,77.0,0,0.0,30000.0,0.0,0.0,3.33333333333e-05,0.0,0.0
ETHPQFAT,8,1055,2.0,2,1.0,31.1455,43.0691669353,30.4545,0.731705884562,1.01183037324,0.715472118328
FTHPQFAT,8,1074,2.0,2,1.0,1.1215,0.252437120884,0.1785,0.914838078145,0.205919831048,0.145607308914
GTHPQFAT,8,984,2.0,2,1.0,13.045,6.44174277661,4.555,0.0873019059856,0.0431104961492,0.0304837241674
HTHPQFAT,8,1064,3.0,3,1.0,12.5166666667,8.46117210163,4.88505999053,0.107202457505,0.0645420421658,0.0372633654185
ITHPQFAT,8,1040,4.0,4,1.0,30.755,36.6290062655,18.3145031328,0.148718490148,0.193626051816,0.0968130259079
KTHPQFAT,8,1055,2.0,2,1.0,14.27405,20.1185314276,14.22595,10.4125542546,14.6759539174,10.3774665354
LQHPQAGK,8,1005,3.0,3,1.0,6.96,4.38073053269,2.52921595229,0.237879165064,0.227211792437,0.131180789527
LQWHPAGK,8,1062,3.0,0,0.0,30000.0,0.0,0.0,3.33333333333e-05,0.0,0.0
LQWHPQAG,8,1063,4.0,4,1.0,19.175,17.7682535251,8.88412676257,0.117245842213,0.100270351394,0.0501351756972
LQWHPQAK,8,1134,4.0,3,0.75,7536.647,14975.6253199,7487.81265993,0.87605790021,1.73079969197,0.865399845985
LQWHPQGK,8,1120,3.0,3,1.0,28.81,24.3669509787,14.0682657069,0.0605300513461,0.0521066531904,0.030083790246
LQWHQAGK,8,1094,3.0,0,0.0,30000.0,0.0,0.0,3.33333333333e-05,0.0,0.0
LQWPQAGK,8,1054,2.0,0,0.0,30000.0,0.0,0.0,3.33333333333e-05,0.0,0.0
LTHPQFAT,8,1040,4.0,4,1.0,12.9725,6.74411039352,3.37205519676,0.0964088575124,0.0502035824063,0.0251017912031
LWHPQAGK,8,1062,2.0,2,1.0,24.45,7.99030662741,5.65,0.0432070403619,0.0141201431883,0.0099844489998
MTHPQFAT,8,1058,4.0,4,1.0,25.6275,23.2420672847,11.6210336424,0.0665565686979,0.0504100112632,0.0252050056316
NTHPQFAT,8,1041,2.0,2,1.0,10.807,14.273657485,10.093,0.724203557021,0.95651277157,0.676356667069
PTHPQFAT,8,1024,4.0,4,1.0,20.2775,15.9801551411,7.99007757055,0.125391421011,0.163031917791,0.0815159588957
QGRNSPAP,8,952,62.0,2,0.0322580645161,29049.8406129,5247.64934517,666.452133289,0.136733769393,1.07626619457,0.136685943396
QTHPQFAT,8,1056,4.0,4,1.0,11.1625,9.67511713969,4.83755856984,0.24744613377,0.306835867917,0.153417933959
QWHPQAGK,8,1078,4.0,4,1.0,16.29375,12.6249814356,6.31249071781,0.564642518245,1.02718998068,0.51359499034
RTHPQFAT,8,1083,4.0,4,1.0,14.875,11.4811192834,5.74055964171,0.104773764294,0.0709084500579,0.035454225029
STHPQFAT,8,1014,3.0,3,1.0,38.0817333333,38.9046706838,22.461622092,7.38807326774,12.7615970245,7.36791147738
TKIPTPIV,8,993,74.0,0,0.0,30000.0,0.0,0.0,3.33333333333e-05,0.0,0.0
TKTSPLNS,8,972,77.0,2,0.025974025974,29221.0233766,4801.51870996,547.183840069,0.00282729175587,0.017321448336,0.00197396223749
TTHPQFAT,8,1028,4.0,3,0.75,7514.125,14990.5839698,7495.2919849,0.0421553027047,0.0311745599032,0.0155872799516
VKLTALND,8,998,78.0,1,0.0128205128205,29621.8076923,3340.10402302,378.192307692,5.84958288551e-05,0.000222229143248,2.51624955218e-05
VTHPQFAT,8,1026,4.0,4,1.0,3.06865,5.04120584351,2.52060292176,4.34324169735,6.60800707031,3.30400353516
WAHPQFAT,8,1083,3.0,3,1.0,10.86,1.58075931122,0.912651813855,0.0934986949783,0.0146267615372,0.00844476471087
WCHPQFAT,8,1115,4.0,4,1.0,18.86975,20.7293588963,10.3646794481,0.570299785302,0.685068394702,0.342534197351
WDHPQFAT,8,1127,3.0,3,1.0,1.9747,1.77046046835,1.02217582799,14.064785132,23.7542862008,13.7145435325
WEHPQFAT,8,1140,3.0,3,1.0,13.1033333333,10.1884755157,5.8823190816,0.118330241631,0.0898711586493,0.0518871376386
WFHPQFAT,8,1159,3.0,3,1.0,14.8466666667,21.6968254206,12.5266679972,0.295715879633,0.234399930214,0.135330862807
WGHPQFAT,8,1069,4.0,4,1.0,93.873775,169.545929385,84.7729646925,2.66674224958,5.23245207292,2.61622603646
WHHPQFAT,8,1149,3.0,3,1.0,12.6959666667,20.796646071,12.0069492073,3.67231545045,5.67803089659,3.27821266662
WIHPQFAT,8,1125,3.0,3,1.0,31.7433333333,46.1313064343,26.6339221879,0.138863120336,0.116249529089,0.0671166969124
WKHPQFAT,8,1140,3.0,3,1.0,11.3033333333,11.5358239122,6.66021104103,0.511845685668,0.76017206091,0.438885543997
WLHPQFAT,8,1125,4.0,4,1.0,52.5025,81.9105407849,40.9552703924,0.11623108158,0.146693005981,0.0733465029904
WMHPQFAT,8,1143,4.0,3,0.75,7507.1125,14995.2584441,7497.62922203,0.0819743794202,0.0582233374246,0.0291116687123
WNHPQFAT,8,1126,3.0,3,1.0,7.61666666667,0.965211548487,0.557265147344,0.132726192116,0.0170325373451,0.00983374002116
WPHPQFAT,8,1109,3.0,3,1.0,3.71333333333,1.59625603627,0.921598852237,0.302169445612,0.117356158745,0.0677556098423
WQHPQFAT,8,1141,3.0,2,0.666666666667,10004.5666667,17316.5534083,9997.71677169,0.112428562238,0.115292423753,0.0665641118896
WRHPQFAT,8,1168,3.0,3,1.0,15.7433333333,10.4048370162,6.00723545217,0.108792589041,0.106035469551,0.0612196068889
WSHPQFAT,8,1099,4.0,4,1.0,13.9825,9.81358369812,4.90679184906,0.116204583285,0.0883237642037,0.0441618821019
WTAPQFAT,8,1047,3.0,0,0.0,30000.0,0.0,0.0,3.33333333333e-05,0.0,0.0
WTCPQFAT,8,1079,4.0,0,0.0,30000.0,0.0,0.0,3.33333333333e-05,0.0,0.0
WTDPQFAT,8,1091,4.0,0,0.0,30000.0,0.0,0.0,3.33333333333e-05,0.0,0.0
WTEPQFAT,8,1104,3.0,0,0.0,30000.0,0.0,0.0,3.33333333333e-05,0.0,0.0
WTFPQFAT,8,1123,4.0,0,0.0,30000.0,0.0,0.0,3.33333333333e-05,0.0,0.0
WTGPQFAT,8,1033,4.0,0,0.0,30000.0,0.0,0.0,3.33333333333e-05,0.0,0.0
WTHAQFAT,8,1087,4.0,0,0.0,30000.0,0.0,0.0,3.33333333333e-05,0.0,0.0
WTHCQFAT,8,1119,1.0,0,0.0,30000.0,0.0,0.0,3.33333333333e-05,0.0,0.0
WTHDQFAT,8,1131,4.0,1,0.25,22619.0,14762.0,7381.0,0.000550210084032,0.0010337535014,0.000516876750699
WTHEQFAT,8,1144,4.0,0,0.0,30000.0,0.0,0.0,3.33333333333e-05,0.0,0.0
WTHFQFAT,8,1163,2.0,0,0.0,30000.0,0.0,0.0,3.33333333333e-05,0.0,0.0
WTHGQFAT,8,1073,3.0,0,0.0,30000.0,0.0,0.0,3.33333333333e-05,0.0,0.0
WTHHQFAT,8,1153,3.0,0,0.0,30000.0,0.0,0.0,3.33333333333e-05,0.0,0.0
WTHIQFAT,8,1129,4.0,0,0.0,30000.0,0.0,0.0,3.33333333333e-05,0.0,0.0
WTHKQFAT,8,1144,3.0,0,0.0,30000.0,0.0,0.0,3.33333333333e-05,0.0,0.0
WTHLQFAT,8,1129,3.0,0,0.0,30000.0,0.0,0.0,3.33333333333e-05,0.0,0.0
WTHMQFAT,8,1147,3.0,0,0.0,30000.0,0.0,0.0,3.33333333333e-05,0.0,0.0
WTHNQFAT,8,1130,4.0,0,0.0,30000.0,0.0,0.0,3.33333333333e-05,0.0,0.0
WTHPAFAT,8,1055,4.0,0,0.0,30000.0,0.0,0.0,3.33333333333e-05,0.0,0.0
WTHPCFAT,8,1087,4.0,0,0.0,30000.0,0.0,0.0,3.33333333333e-05,0.0,0.0
WTHPDFAT,8,1099,3.0,0,0.0,30000.0,0.0,0.0,3.33333333333e-05,0.0,0.0
WTHPEFAT,8,1112,4.0,0,0.0,30000.0,0.0,0.0,3.33333333333e-05,0.0,0.0
WTHPFFAT,8,1131,4.0,0,0.0,30000.0,0.0,0.0,3.33333333333e-05,0.0,0.0
WTHPGFAT,8,1041,4.0,0,0.0,30000.0,0.0,0.0,3.33333333333e-05,0.0,0.0
WTHPHFAT,8,1121,4.0,0,0.0,30000.0,0.0,0.0,3.33333333333e-05,0.0,0.0
WTHPIFAT,8,1097,3.0,0,0.0,30000.0,0.0,0.0,3.33333333333e-05,0.0,0.0
WTHPKFAT,8,1112,3.0,0,0.0,30000.0,0.0,0.0,3.33333333333e-05,0.0,0.0
WTHPLFAT,8,1097,3.0,0,0.0,30000.0,0.0,0.0,3.33333333333e-05,0.0,0.0
WTHPMFAT,8,1115,4.0,1,0.25,22509.6,14980.8,7490.4,0.00653541666667,0.0130041666667,0.00650208333334
WTHPNFAT,8,1098,3.0,0,0.0,30000.0,0.0,0.0,3.33333333333e-05,0.0,0.0
WTHPPFAT,8,1081,3.0,0,0.0,30000.0,0.0,0.0,3.33333333333e-05,0.0,0.0
WTHPQAAT,8,1037,4.0,4,1.0,86.75825,155.859453201,77.9297266007,2.12962889479,4.00319793669,2.00159896835
WTHPQCAT,8,1069,3.0,0,0.0,30000.0,0.0,0.0,3.33333333333e-05,0.0,0.0
WTHPQDAT,8,1081,2.0,0,0.0,30000.0,0.0,0.0,3.33333333333e-05,0.0,0.0
WTHPQEAT,8,1094,4.0,0,0.0,30000.0,0.0,0.0,3.33333333333e-05,0.0,0.0
WTHPQFAA,8,1083,3.0,3,1.0,20.3433333333,13.9080060876,8.02979105858,0.0728243374741,0.0564703785005,0.0326031882285
WTHPQFAC,8,1115,3.0,3,1.0,261.566666667,369.529083204,213.347715661,0.0153384298819,0.0134241196318,0.00775041908303
WTHPQFAD,8,1127,4.0,4,1.0,3.942875,2.97393281629,1.48696640815,4.2193656151,8.02737791359,4.0136889568
WTHPQFAE,8,1140,3.0,3,1.0,46.6553333333,45.584172531,26.3180342815,0.921319806566,1.56831102077,0.905464790012
WTHPQFAF,8,1159,4.0,4,1.0,19.499,20.9074864741,10.4537432371,0.641860432535,0.989574308403,0.494787154202
WTHPQFAG,8,1069,4.0,4,1.0,11.07,6.72338208543,3.36169104271,0.145665202402,0.132799470101,0.0663997350506
WTHPQFAH,8,1149,4.0,4,1.0,5.0925,4.16140501113,2.08070250557,0.275017881433,0.132054459469,0.0660272297344
WTHPQFAI,8,1125,3.0,3,1.0,27.2066666667,35.7833499457,20.6595267236,0.32918767507,0.489242559613,0.282464323491
WTHPQFAK,8,1140,4.0,3,0.75,7508.865,14994.0906985,7497.04534926,0.079890693333,0.0777206116266,0.0388603058133
WTHPQFAL,8,1125,3.0,3,1.0,14.78,8.15654338553,4.70918251929,0.0956506144346,0.0764107061582,0.0441157417694
WTHPQFAM,8,1143,4.0,4,1.0,31.16,24.9635948266,12.4817974133,0.0625116090344,0.0645375557167,0.0322687778584
WTHPQFAN,8,1126,4.0,4,1.0,16.225,10.0539660499,5.02698302497,0.0868322796595,0.055068777702,0.027534388851
WTHPQFAP,8,1109,4.0,4,1.0,9.6825,8.73101130072,4.36550565036,0.269146136525,0.300177391437,0.150088695718
WTHPQFAQ,8,1141,4.0,4,1.0,3.37825,2.62802059543,1.31401029771,0.548508263688,0.450715351795,0.225357675898
WTHPQFAR,8,1168,3.0,3,1.0,6.72533333333,5.8920764874,3.40179194608,0.484261423176,0.642837711196,0.371142525604
WTHPQFAS,8,1099,3.0,3,1.0,19.15,25.6702571082,14.8207298516,0.200252405718,0.205128259084,0.118430855601
WTHPQFAT,8,1113,58.0,57,0.98275862069,528.060387931,3937.76538487,517.053926125,1.17568884896,3.42860863259,0.450198369218
WTHPQFAV,8,1111,4.0,4,1.0,23.4325,28.010490148,14.005245074,0.126847984148,0.139711041764,0.0698555208819
WTHPQFAW,8,1198,4.0,4,1.0,57.704,86.5352678623,43.2676339311,1.75703447555,3.39543540495,1.69771770248
WTHPQFAY,8,1175,2.0,2,1.0,18.485,21.800102064,15.415,0.177615712048,0.20946933464,0.148117186975
WTHPQFCT,8,1145,4.0,4,1.0,16.54725,19.3125830376,9.65629151879,0.949582775674,1.67716670778,0.838583353891
WTHPQFDT,8,1157,3.0,3,1.0,2.91,2.44165927189,1.40969263789,0.53856209411,0.380370337597,0.219606916803
WTHPQFET,8,1170,3.0,3,1.0,2.88966666667,2.27056388004,1.31091066735,0.710560257556,0.765399848617,0.441903808637
WTHPQFFT,8,1189,1.0,1,1.0,1.41,0.0,0.0,0.709219858156,0.0,0.0
WTHPQFGT,8,1099,3.0,3,1.0,20.6466666667,22.2494614167,12.8457325383,0.127895005402,0.136935048109,0.0790594868872
WTHPQFHT,8,1179,3.0,3,1.0,29.4523333333,49.2350766866,28.4258847786,0.972400318528,1.17918162229,0.680800827051
WTHPQFIT,8,1155,4.0,3,0.75,7552.595,14965.1332077,7482.56660383,0.0502131653087,0.0730131802722,0.0365065901361
WTHPQFKT,8,1170,3.0,3,1.0,100.75,151.004213517,87.182323323,0.0595639236939,0.0598578837756,0.034558965311
WTHPQFLT,8,1155,4.0,4,1.0,88.225,96.1211171734,48.0605585867,0.0296058468989,0.03265444037,0.016327220185
WTHPQFMT,8,1173,1.0,1,1.0,12.4,0.0,0.0,0.0806451612903,0.0,0.0
WTHPQFNT,8,1156,2.0,2,1.0,14.2,3.3941125497,2.4,0.0724933632836,0.017327509443,0.0122523994282
WTHPQFPT,8,1139,3.0,3,1.0,2.66393333333,3.5389832457,2.04323292956,3.95861108403,6.01530250596,3.47293652107
WTHPQFQT,8,1171,4.0,4,1.0,11.77075,15.1628698553,7.58143492767,0.969861191685,1.71024364146,0.855121820728
WTHPQFRT,8,1198,3.0,3,1.0,36.5666666667,5.68887803818,3.28447526673,0.0278351970533,0.00470818997985,0.00271827475226
WTHPQFST,8,1129,4.0,4,1.0,8.47,5.23868304061,2.61934152031,0.243333395831,0.292236782177,0.146118391089
WTHPQFTT,8,1143,3.0,3,1.0,21.0166666667,31.3357341279,18.091694534,0.233828347677,0.187471314553,0.108236613922
WTHPQFVT,8,1141,4.0,4,1.0,43.176,74.6460817279,37.323040864,0.402501176164,0.642358974841,0.321179487421
WTHPQFWT,8,1228,4.0,4,1.0,11.97925,12.5080966678,6.25404833388,1.93748709069,3.57759432527,1.78879716264
WTHPQFYT,8,1205,4.0,4,1.0,18.0575,15.3340544215,7.66702721073,0.151903492316,0.198943968231,0.0994719841155
WTHPQGAT,8,1023,4.0,4,1.0,36.325,13.2046393362,6.60231966812,0.0305162434618,0.0113448736987,0.00567243684935
WTHPQHAT,8,1103,4.0,0,0.0,30000.0,0.0,0.0,3.33333333333e-05,0.0,0.0
WTHPQIAT,8,1079,3.0,0,0.0,30000.0,0.0,0.0,3.33333333333e-05,0.0,0.0
WTHPQKAT,8,1094,3.0,1,0.333333333333,20080.3333333,17181.3666608,9919.66666667,0.00140534808668,0.00237639926152,0.00137201475334
WTHPQLAT,8,1079,4.0,0,0.0,30000.0,0.0,0.0,3.33333333333e-05,0.0,0.0
WTHPQMAT,8,1097,4.0,0,0.0,30000.0,0.0,0.0,3.33333333333e-05,0.0,0.0
WTHPQNAT,8,1080,1.0,1,1.0,16.0,0.0,0.0,0.0625,0.0,0.0
WTHPQPAT,8,1063,3.0,0,0.0,30000.0,0.0,0.0,3.33333333333e-05,0.0,0.0
WTHPQQAT,8,1095,3.0,0,0.0,30000.0,0.0,0.0,3.33333333333e-05,0.0,0.0
WTHPQRAT,8,1122,4.0,0,0.0,30000.0,0.0,0.0,3.33333333333e-05,0.0,0.0
WTHPQSAT,8,1053,4.0,2,0.5,15023.025,17293.9212311,8646.96061557,0.0109105055561,0.0126015278897,0.00630076394487
WTHPQTAT,8,1067,3.0,0,0.0,30000.0,0.0,0.0,3.33333333333e-05,0.0,0.0
WTHPQVAT,8,1065,3.0,3,1.0,38.58,45.6079072092,26.3317375044,0.0931343957202,0.111642464203,0.0644568067605
WTHPQWAT,8,1152,4.0,2,0.5,15020.234375,17297.174934,8648.587467,6.6697735682,13.3312633323,6.66563166614
WTHPQYAT,8,1129,4.0,1,0.25,22503.75,14992.5,7496.25,0.0166916666667,0.0333166666667,0.0166583333333
WTHPRFAT,8,1140,3.0,0,0.0,30000.0,0.0,0.0,3.33333333333e-05,0.0,0.0
WTHPSFAT,8,1071,3.0,0,0.0,30000.0,0.0,0.0,3.33333333333e-05,0.0,0.0
WTHPTFAT,8,1085,2.0,0,0.0,30000.0,0.0,0.0,3.33333333333e-05,0.0,0.0
WTHPVFAT,8,1083,3.0,0,0.0,30000.0,0.0,0.0,3.33333333333e-05,0.0,0.0
WTHPWFAT,8,1170,3.0,0,0.0,30000.0,0.0,0.0,3.33333333333e-05,0.0,0.0
WTHPYFAT,8,1147,3.0,0,0.0,30000.0,0.0,0.0,3.33333333333e-05,0.0,0.0
WTHQQFAT,8,1145,4.0,0,0.0,30000.0,0.0,0.0,3.33333333333e-05,0.0,0.0
WTHRQFAT,8,1172,3.0,0,0.0,30000.0,0.0,0.0,3.33333333333e-05,0.0,0.0
WTHSQFAT,8,1103,3.0,1,0.333333333333,20000.48,17319.6766913,9999.52,0.231503703704,0.400918441928,0.23147037037
WTHTQFAT,8,1117,3.0,0,0.0,30000.0,0.0,0.0,3.33333333333e-05,0.0,0.0
WTHVQFAT,8,1115,3.0,0,0.0,30000.0,0.0,0.0,3.33333333333e-05,0.0,0.0
WTHWQFAT,8,1202,3.0,0,0.0,30000.0,0.0,0.0,3.33333333333e-05,0.0,0.0
WTHYQFAT,8,1179,2.0,0,0.0,30000.0,0.0,0.0,3.33333333333e-05,0.0,0.0
WTIPQFAT,8,1089,3.0,0,0.0,30000.0,0.0,0.0,3.33333333333e-05,0.0,0.0
WTKPQFAT,8,1104,4.0,0,0.0,30000.0,0.0,0.0,3.33333333333e-05,0.0,0.0
WTLPQFAT,8,1089,2.0,0,0.0,30000.0,0.0,0.0,3.33333333333e-05,0.0,0.0
WTMPQFAT,8,1107,4.0,0,0.0,30000.0,0.0,0.0,3.33333333333e-05,0.0,0.0
WTNPQFAT,8,1090,4.0,0,0.0,30000.0,0.0,0.0,3.33333333333e-05,0.0,0.0
WTPPQFAT,8,1073,3.0,0,0.0,30000.0,0.0,0.0,3.33333333333e-05,0.0,0.0
WTQPQFAT,8,1105,4.0,0,0.0,30000.0,0.0,0.0,3.33333333333e-05,0.0,0.0
WTRPQFAT,8,1132,3.0,0,0.0,30000.0,0.0,0.0,3.33333333333e-05,0.0,0.0
WTSPQFAT,8,1063,4.0,0,0.0,30000.0,0.0,0.0,3.33333333333e-05,0.0,0.0
WTTPQFAT,8,1077,2.0,0,0.0,30000.0,0.0,0.0,3.33333333333e-05,0.0,0.0
WTVPQFAT,8,1075,1.0,0,0.0,30000.0,0.0,0.0,3.33333333333e-05,0.0,0.0
WTWPQFAT,8,1162,3.0,0,0.0,30000.0,0.0,0.0,3.33333333333e-05,0.0,0.0
WTYPQFAT,8,1139,3.0,0,0.0,30000.0,0.0,0.0,3.33333333333e-05,0.0,0.0
WVHPQFAT,8,1111,4.0,4,1.0,11.7925,6.58691316172,3.29345658086,0.11059478882,0.0620193682255,0.0310096841127
WWHPQFAT,8,1198,4.0,3,0.75,7516.51,14989.009799,7494.50489951,0.110787164273,0.147434723643,0.0737173618216
WYHPQFAT,8,1175,3.0,3,1.0,17.7133333333,14.8106223142,8.55091677996,0.101851513255,0.0928973695775,0.0536343213326
YTHPQFAT,8,1090,4.0,4,1.0,19.825,6.43033176956,3.21516588478,0.0544762535152,0.017208289899,0.00860414494949
AQWHPQAGK,9,1167,2.0,2,1.0,23.03,21.4536197412,15.17,0.0767022367876,0.0714520460851,0.0505242263164
CQWHPQAGK,9,1199,4.0,4,1.0,29.25,17.7757325212,8.88786626062,0.100557243173,0.148033527301,0.0740167636506
DQWHPQAGK,9,1211,4.0,3,0.75,7523.1,14984.6005448,7492.30027239,0.0248289413799,0.0172068473782,0.0086034236891
EQWHPQAGK,9,1224,3.0,3,1.0,69.7,76.6715723068,44.2663529105,0.0357768641842,0.0354831369221,0.0204861986537
FQWHPQAGK,9,1243,3.0,3,1.0,12.5866666667,12.3231381285,7.11476711573,0.152608446046,0.128119877725,0.073970045893
GQWHPQAGK,9,1153,4.0,4,1.0,8.1175,7.07756726095,3.53878363048,0.279449121042,0.307661703626,0.153830851813
HQWHPQAGK,9,1233,3.0,3,1.0,41.5666666667,40.3921196935,23.3204011782,0.0481740350219,0.0434539923991,0.025088174209
IQWHPQAGK,9,1209,4.0,4,1.0,2.49025,2.22564303442,1.11282151721,1.41592540823,2.0775855554,1.0387927777
KQWHPQAGK,9,1224,4.0,4,1.0,18.17,8.29037192571,4.14518596286,0.0656047243841,0.0315799899828,0.0157899949914
LAWHPQAGK,9,1151,2.0,2,1.0,1.905,0.700035713375,0.495,0.562943262411,0.20686634556,0.146276595744
LCWHPQAGK,9,1183,3.0,3,1.0,16.4933333333,12.4006505206,7.15951891618,0.181100239311,0.240422766358,0.138808148876
LDWHPQAGK,9,1195,4.0,4,1.0,3.35,1.42620709109,0.713103545543,0.359131069664,0.198428535822,0.0992142679108
LEWHPQAGK,9,1208,4.0,4,1.0,0.857475,1.25795194761,0.628975973806,12.6060287945,16.148327287,8.07416364351
LFWHPQAGK,9,1227,2.0,2,1.0,19.7,4.10121933088,2.9,0.0518857985672,0.0108017786844,0.0076380109566
LGWHPQAGK,9,1137,2.0,2,1.0,11.84,13.5198816563,9.56,0.242662731595,0.277092180199,0.195933759633
LHWHPQAGK,9,1217,4.0,4,1.0,3.2115,4.3514173553,2.17570867765,0.840733117244,0.594871868132,0.297435934066
LIWHPQAGK,9,1193,3.0,3,1.0,14.0633333333,11.1745708344,6.45164147933,0.139400612569,0.143645312054,0.0829336595821
LKWHPQAGK,9,1208,3.0,3,1.0,7.35366666667,11.4747563082,6.62495364344,1.06890837673,1.05485932185,0.60902331343
LLWHPQAGK,9,1193,2.0,2,1.0,4.895,3.64159992311,2.575,0.282451645664,0.210127863356,0.148582837095
LMWHPQAGK,9,1211,4.0,4,1.0,8.42425,8.15871429311,4.07935714656,0.482535368745,0.649249575193,0.324624787596
LNWHPQAGK,9,1194,4.0,4,1.0,23.605,30.8052133034,15.4026066517,0.0956531675239,0.055186519471,0.0275932597355
LPWHPQAGK,9,1177,4.0,4,1.0,7.712,9.9071925724,4.9535962862,1.54465008587,2.03891817032,1.01945908516
LQAHPQAGK,9,1094,4.0,4,1.0,88.265675,163.385199693,81.6925998467,7.88047714088,15.1391134464,7.56955672318
LQCHPQAGK,9,1126,1.0,1,1.0,0.46,0.0,0.0,2.17391304348,0.0,0.0
LQDHPQAGK,9,1138,4.0,4,1.0,8.588325,6.85118329603,3.42559164802,10.8039375606,21.4097090374,10.7048545187
LQEHPQAGK,9,1151,3.0,3,1.0,32.5333333333,27.2912684449,15.7566211832,0.0487425182749,0.0354314825198,0.0204563759706
LQFHPQAGK,9,1170,3.0,3,1.0,30.26,30.9032813792,17.8420178231,0.0669815790285,0.0572711411291,0.0330655087477
LQGHPQAGK,9,1080,3.0,3,1.0,17.6266666667,24.6654501952,14.2406043099,0.209817676286,0.171016260283,0.0987362839099
LQHHPQAGK,9,1160,4.0,4,1.0,19.3375,8.2483710513,4.12418552565,0.061401321297,0.0313469733115,0.0156734866557
LQIHPQAGK,9,1136,2.0,2,1.0,127.54,170.356165723,120.46,0.0726375979588,0.0970226021297,0.0686053398942
LQKHPQAGK,9,1151,3.0,2,0.666666666667,10039.3333333,17286.5029816,9980.36714978,0.0270257631258,0.0387512705027,0.0223730564562
LQLHPQAGK,9,1136,4.0,3,0.75,7534.675,14976.8979384,7488.44896918,0.0212378679012,0.020933832832,0.010466916416
LQMHPQAGK,9,1154,3.0,3,1.0,23.5733333333,28.3120492606,16.3459692619,0.249635151863,0.354630047345,0.204745753297
LQNHPQAGK,9,1137,4.0,4,1.0,7.36,5.47869205803,2.73934602901,0.226186979487,0.164005455575,0.0820027277875
LQPHPQAGK,9,1120,4.0,4,1.0,14.045,14.7098368448,7.35491842239,0.178662499091,0.179747369471,0.0898736847357
LQQHPQAGK,9,1152,4.0,4,1.0,19.5926,25.5262940065,12.7631470033,3.60378422839,7.06728235186,3.53364117593
LQRHPQAGK,9,1179,4.0,4,1.0,13.69,3.98200954293,1.99100477147,0.0787218753021,0.0266982231535,0.0133491115767
LQSHPQAGK,9,1110,4.0,4,1.0,28.2,24.0269293363,12.0134646682,0.0654151072698,0.0606781742592,0.0303390871296
LQTHPQAGK,9,1124,2.0,2,1.0,26.6,10.748023074,7.6,0.0409356725147,0.0165405095014,0.0116959064328
LQVHPQAGK,9,1122,3.0,3,1.0,26.8633333333,26.9543694664,15.5621124673,0.120198043344,0.15211574939,0.0878240688581
LQWAPQAGK,9,1143,3.0,0,0.0,30000.0,0.0,0.0,3.33333333333e-05,0.0,0.0
LQWCPQAGK,9,1175,4.0,0,0.0,30000.0,0.0,0.0,3.33333333333e-05,0.0,0.0
LQWDPQAGK,9,1187,2.0,0,0.0,30000.0,0.0,0.0,3.33333333333e-05,0.0,0.0
LQWEPQAGK,9,1200,3.0,0,0.0,30000.0,0.0,0.0,3.33333333333e-05,0.0,0.0
LQWFPQAGK,9,1219,4.0,0,0.0,30000.0,0.0,0.0,3.33333333333e-05,0.0,0.0
LQWGPQAGK,9,1129,2.0,0,0.0,30000.0,0.0,0.0,3.33333333333e-05,0.0,0.0
LQWHAQAGK,9,1183,4.0,0,0.0,30000.0,0.0,0.0,3.33333333333e-05,0.0,0.0
LQWHCQAGK,9,1215,3.0,0,0.0,30000.0,0.0,0.0,3.33333333333e-05,0.0,0.0
LQWHDQAGK,9,1227,2.0,0,0.0,30000.0,0.0,0.0,3.33333333333e-05,0.0,0.0
LQWHEQAGK,9,1240,2.0,0,0.0,30000.0,0.0,0.0,3.33333333333e-05,0.0,0.0
LQWHFQAGK,9,1259,1.0,0,0.0,30000.0,0.0,0.0,3.33333333333e-05,0.0,0.0
LQWHGQAGK,9,1169,3.0,0,0.0,30000.0,0.0,0.0,3.33333333333e-05,0.0,0.0
LQWHHQAGK,9,1249,2.0,0,0.0,30000.0,0.0,0.0,3.33333333333e-05,0.0,0.0
LQWHIQAGK,9,1225,2.0,0,0.0,30000.0,0.0,0.0,3.33333333333e-05,0.0,0.0
LQWHKQAGK,9,1240,4.0,0,0.0,30000.0,0.0,0.0,3.33333333333e-05,0.0,0.0
LQWHLQAGK,9,1225,4.0,0,0.0,30000.0,0.0,0.0,3.33333333333e-05,0.0,0.0
LQWHMQAGK,9,1243,3.0,0,0.0,30000.0,0.0,0.0,3.33333333333e-05,0.0,0.0
LQWHNQAGK,9,1226,2.0,0,0.0,30000.0,0.0,0.0,3.33333333333e-05,0.0,0.0
LQWHPAAGK,9,1151,2.0,0,0.0,30000.0,0.0,0.0,3.33333333333e-05,0.0,0.0
LQWHPCAGK,9,1183,1.0,0,0.0,30000.0,0.0,0.0,3.33333333333e-05,0.0,0.0
LQWHPDAGK,9,1195,3.0,0,0.0,30000.0,0.0,0.0,3.33333333333e-05,0.0,0.0
LQWHPEAGK,9,1208,1.0,0,0.0,30000.0,0.0,0.0,3.33333333333e-05,0.0,0.0
LQWHPFAGK,9,1227,4.0,1,0.25,22559.0,14882.0,7441.0,0.0010843220339,0.00210197740113,0.00105098870056
LQWHPGAGK,9,1137,3.0,0,0.0,30000.0,0.0,0.0,3.33333333333e-05,0.0,0.0
LQWHPHAGK,9,1217,2.0,0,0.0,30000.0,0.0,0.0,3.33333333333e-05,0.0,0.0
LQWHPIAGK,9,1193,4.0,0,0.0,30000.0,0.0,0.0,3.33333333333e-05,0.0,0.0
LQWHPKAGK,9,1208,2.0,0,0.0,30000.0,0.0,0.0,3.33333333333e-05,0.0,0.0
LQWHPLAGK,9,1193,3.0,0,0.0,30000.0,0.0,0.0,3.33333333333e-05,0.0,0.0
LQWHPMAGK,9,1211,4.0,4,1.0,11.19,10.2236914403,5.11184572015,0.431435089089,0.644261377538,0.322130688769
LQWHPNAGK,9,1194,3.0,0,0.0,30000.0,0.0,0.0,3.33333333333e-05,0.0,0.0
LQWHPPAGK,9,1177,2.0,0,0.0,30000.0,0.0,0.0,3.33333333333e-05,0.0,0.0
LQWHPQAAK,9,1223,3.0,3,1.0,27.7666666667,16.8541785126,9.7307645012,0.0504804864518,0.0377776043726,0.0218109100539
LQWHPQACK,9,1255,2.0,1,0.5,15028.1,21173.4640345,14971.9,0.00891346381967,0.0125584009694,0.00888013048633
LQWHPQADK,9,1267,3.0,3,1.0,6.05,2.16515588353,1.2500533322,0.18160761218,0.0698183715699,0.0403096556202
LQWHPQAEK,9,1280,1.0,1,1.0,1.86,0.0,0.0,0.537634408602,0.0,0.0
LQWHPQAFK,9,1299,3.0,2,0.666666666667,10026.3666667,17297.6837121,9986.82234753,0.0215560258575,0.0239730114776,0.0138408246299
LQWHPQAGA,9,1152,4.0,4,1.0,5.1503,7.96102876685,3.98051438343,6.40993308895,11.9129502962,5.95647514812
LQWHPQAGC,9,1184,4.0,4,1.0,23.445,29.0581962046,14.5290981023,0.144596118437,0.130951622589,0.0654758112946
LQWHPQAGD,9,1196,2.0,2,1.0,0.77625,1.03767920139,0.73375,12.0958317102,16.1695239796,11.4335800545
LQWHPQAGE,9,1209,3.0,3,1.0,26.2733333333,23.6053412035,13.6285500981,0.0918432233729,0.104680224717,0.0604371559194
LQWHPQAGF,9,1228,4.0,4,1.0,5.7325,2.79189750289,1.39594875145,0.216425039945,0.122637444464,0.061318722232
LQWHPQAGG,9,1138,3.0,3,1.0,3.38624333333,3.40598329967,1.96644537492,38.3314883648,66.0050792142,38.1080502522
LQWHPQAGH,9,1218,3.0,3,1.0,6.02233333333,4.48875777174,2.59158550784,0.441889846918,0.561824238157,0.324369375137
LQWHPQAGI,9,1194,4.0,4,1.0,12.5225,5.51670417913,2.75835208956,0.10270638575,0.0712411531863,0.0356205765932
LQWHPQAGK,9,1209,27.0,27,1.0,12.7464074074,13.7667558224,2.64941339331,1.59990168547,3.84308401921,0.739601864336
LQWHPQAGL,9,1194,3.0,3,1.0,19.8061,30.5574503457,17.6423521828,18.2967544296,31.4785120208,18.1741273889
LQWHPQAGM,9,1212,3.0,3,1.0,1.32066666667,1.16650603656,0.67348257422,1.18793187903,0.765946785362,0.442219582714
LQWHPQAGN,9,1195,4.0,3,0.75,7507.41375,14995.0616773,7497.53083867,0.727244498692,1.25256177523,0.626280887615
LQWHPQAGP,9,1178,4.0,4,1.0,9.3275,11.0214257245,5.51071286223,0.260204684067,0.201517698958,0.100758849479
LQWHPQAGQ,9,1210,3.0,3,1.0,6.88,2.07053133277,1.19542182234,0.153860555456,0.0428990827506,0.0247677969741
LQWHPQAGR,9,1237,4.0,4,1.0,44.5425,68.594930024,34.297465012,0.121064976764,0.13756922827,0.068784614135
LQWHPQAGS,9,1168,4.0,4,1.0,5.95,2.12895905707,1.06447952853,0.188834681284,0.0797336529239,0.0398668264619
LQWHPQAGT,9,1182,3.0,3,1.0,7.055,5.82956044655,3.36569829307,0.437946118357,0.578178166281,0.333811319942
LQWHPQAGV,9,1180,4.0,4,1.0,8.6275,8.88881460038,4.44440730019,0.197981563175,0.115125267053,0.0575626335264
LQWHPQAGW,9,1267,3.0,2,0.666666666667,10005.9215333,17315.3821226,9997.04052958,5.17880222316,8.92103638856,5.15056276039
LQWHPQAGY,9,1244,4.0,4,1.0,16.03625,19.7396261426,9.8698130713,1.1721403397,1.42139153373,0.710695766867
LQWHPQAHK,9,1289,4.0,4,1.0,69.6475,102.21534698,51.1076734902,0.283667376219,0.338647915246,0.169323957623
LQWHPQAIK,9,1265,4.0,1,0.25,22502.3225,14995.355,7497.6775,0.02693565662,0.0538046465733,0.0269023232867
LQWHPQAKK,9,1280,4.0,2,0.5,15210.675,17080.3432778,8540.17163892,0.0113347605745,0.0218192347866,0.0109096173933
LQWHPQALK,9,1265,4.0,0,0.0,30000.0,0.0,0.0,3.33333333333e-05,0.0,0.0
LQWHPQAMK,9,1283,3.0,3,1.0,75.3333333333,68.7046820336,39.6666666667,0.0330864954397,0.0382243041987,0.0220688123187
LQWHPQANK,9,1266,3.0,3,1.0,25.9,19.4871752699,11.2509258878,0.052406565143,0.0275170099354,0.0158869530935
LQWHPQAPK,9,1249,4.0,4,1.0,37.385,59.6046158727,29.8023079364,0.269398294122,0.31561720845,0.157808604225
LQWHPQAQK,9,1281,3.0,2,0.666666666667,10014.1666667,17308.2394519,9992.91670674,0.0315514679253,0.0275127828651,0.0158845125933
LQWHPQARK,9,1308,4.0,4,1.0,48.9125,44.2315945715,22.1157972857,0.234625071099,0.423597668616,0.211798834308
LQWHPQASK,9,1239,4.0,4,1.0,23.21,26.2909883167,13.1454941583,0.130889695531,0.14521017725,0.0726050886251
LQWHPQATK,9,1253,2.0,2,1.0,31.3945,43.5655558957,30.8055,0.856935019844,1.18915257469,0.840857849426
LQWHPQAVK,9,1251,2.0,1,0.5,15012.3,21195.8086088,14987.7,0.0203418699187,0.028720607871,0.0203085365854
LQWHPQAWK,9,1338,4.0,3,0.75,7601.3675,14932.984207,7466.49210352,0.0359336814137,0.0620440816686,0.0310220408343
LQWHPQAYK,9,1315,3.0,3,1.0,27.5333333333,13.2989974559,7.67817976114,0.0456532536359,0.029306502113,0.016920116884
LQWHPQCGK,9,1241,3.0,1,0.333333333333,20386.6666667,16650.7817634,9613.33333333,0.000309578544061,0.000478470740328,0.000276245210728
LQWHPQDGK,9,1253,4.0,4,1.0,10.465,9.50287851127,4.75143925564,0.263980401305,0.290071399776,0.145035699888
LQWHPQEGK,9,1266,3.0,3,1.0,194.0273,168.1074467,97.0568796048,4.07229634715,7.04746866649,4.0688579317
LQWHPQFGK,9,1285,2.0,2,1.0,6.87905,9.64627999827,6.82095,8.64234832971,12.1188989513,8.56935562899
LQWHPQGGK,9,1195,3.0,3,1.0,7.16196666667,7.062172513,4.07734720144,4.46144978564,7.54643272997,4.35693496807
LQWHPQHGK,9,1275,3.0,2,0.666666666667,10004.7833333,17316.365713,9997.6084058,0.101496116083,0.0983761093619,0.0567974732219
LQWHPQIGK,9,1251,4.0,3,0.75,7540.8,14972.8399085,7486.41995427,0.019444050319,0.0177983995915,0.00889919979577
LQWHPQKGK,9,1266,2.0,0,0.0,30000.0,0.0,0.0,3.33333333333e-05,0.0,0.0
LQWHPQLGK,9,1251,2.0,1,0.5,15008.2,21201.6068844,14991.8,0.0305044715447,0.0430926969195,0.0304711382114
LQWHPQMGK,9,1269,4.0,4,1.0,21.425,22.2256286,11.1128143,0.193993442195,0.251141583704,0.125570791852
LQWHPQNGK,9,1252,1.0,1,1.0,0.0192,0.0,0.0,52.0833333333,0.0,0.0
LQWHPQPGK,9,1235,3.0,0,0.0,30000.0,0.0,0.0,3.33333333333e-05,0.0,0.0
LQWHPQQGK,9,1267,3.0,3,1.0,4.60266666667,3.2514798682,1.87724277717,0.491596290776,0.583645728098,0.336968018229
LQWHPQRGK,9,1294,3.0,2,0.666666666667,10016.6666667,17306.0850808,9991.67288001,0.0660150977518,0.0954313355059,0.0550973072435
LQWHPQSGK,9,1225,4.0,4,1.0,9.195,6.19204597313,3.09602298656,3.18690812925,6.20873338953,3.10436669476
LQWHPQTGK,9,1239,4.0,4,1.0,57.2375,59.029799466,29.514899733,0.0743983514171,0.0771248721874,0.0385624360937
LQWHPQVGK,9,1237,3.0,3,1.0,25.9533333333,22.4257560259,12.9475162783,0.172952999272,0.251240994113,0.145054055582
LQWHPQWGK,9,1324,4.0,3,0.75,7531.38,14979.1670111,7489.58350557,0.10351986412,0.13050998373,0.0652549918651
LQWHPQYGK,9,1301,1.0,1,1.0,0.206,0.0,0.0,4.85436893204,0.0,0.0
LQWHPRAGK,9,1236,2.0,0,0.0,30000.0,0.0,0.0,3.33333333333e-05,0.0,0.0
LQWHPSAGK,9,1167,3.0,0,0.0,30000.0,0.0,0.0,3.33333333333e-05,0.0,0.0
LQWHPTAGK,9,1181,3.0,0,0.0,30000.0,0.0,0.0,3.33333333333e-05,0.0,0.0
LQWHPVAGK,9,1179,4.0,0,0.0,30000.0,0.0,0.0,3.33333333333e-05,0.0,0.0
LQWHPWAGK,9,1266,3.0,0,0.0,30000.0,0.0,0.0,3.33333333333e-05,0.0,0.0
LQWHPYAGK,9,1243,3.0,0,0.0,30000.0,0.0,0.0,3.33333333333e-05,0.0,0.0
LQWHQQAGK,9,1241,3.0,0,0.0,30000.0,0.0,0.0,3.33333333333e-05,0.0,0.0
LQWHRQAGK,9,1268,2.0,0,0.0,30000.0,0.0,0.0,3.33333333333e-05,0.0,0.0
LQWHSQAGK,9,1199,4.0,0,0.0,30000.0,0.0,0.0,3.33333333333e-05,0.0,0.0
LQWHTQAGK,9,1213,3.0,0,0.0,30000.0,0.0,0.0,3.33333333333e-05,0.0,0.0
LQWHVQAGK,9,1211,4.0,1,0.25,22503.7,14992.6,7496.3,0.0169168918919,0.0337671171171,0.0168835585586
LQWHWQAGK,9,1298,2.0,0,0.0,30000.0,0.0,0.0,3.33333333333e-05,0.0,0.0
LQWHYQAGK,9,1275,3.0,0,0.0,30000.0,0.0,0.0,3.33333333333e-05,0.0,0.0
LQWIPQAGK,9,1185,2.0,0,0.0,30000.0,0.0,0.0,3.33333333333e-05,0.0,0.0
LQWKPQAGK,9,1200,3.0,0,0.0,30000.0,0.0,0.0,3.33333333333e-05,0.0,0.0
LQWLPQAGK,9,1185,4.0,0,0.0,30000.0,0.0,0.0,3.33333333333e-05,0.0,0.0
LQWMPQAGK,9,1203,4.0,0,0.0,30000.0,0.0,0.0,3.33333333333e-05,0.0,0.0
LQWNPQAGK,9,1186,2.0,1,0.5,15390.5,20660.9530395,14609.5,0.000656871532222,0.000881816177526,0.000623538198888
LQWPPQAGK,9,1169,4.0,0,0.0,30000.0,0.0,0.0,3.33333333333e-05,0.0,0.0
LQWQPQAGK,9,1201,4.0,0,0.0,30000.0,0.0,0.0,3.33333333333e-05,0.0,0.0
LQWRPQAGK,9,1228,3.0,0,0.0,30000.0,0.0,0.0,3.33333333333e-05,0.0,0.0
LQWSPQAGK,9,1159,4.0,0,0.0,30000.0,0.0,0.0,3.33333333333e-05,0.0,0.0
LQWTPQAGK,9,1173,3.0,0,0.0,30000.0,0.0,0.0,3.33333333333e-05,0.0,0.0
LQWVPQAGK,9,1171,1.0,0,0.0,30000.0,0.0,0.0,3.33333333333e-05,0.0,0.0
LQWWPQAGK,9,1258,2.0,0,0.0,30000.0,0.0,0.0,3.33333333333e-05,0.0,0.0
LQWYPQAGK,9,1235,4.0,0,0.0,30000.0,0.0,0.0,3.33333333333e-05,0.0,0.0
LQYHPQAGK,9,1186,4.0,3,0.75,7506.2,14995.8674454,7497.93372272,0.119720558211,0.103658112245,0.0518290561223
LRWHPQAGK,9,1236,3.0,3,1.0,11.89,16.439838807,9.49154536065,1.31634765035,2.06947313185,1.19481086976
LSWHPQAGK,9,1167,4.0,4,1.0,11.3175,5.41373792618,2.70686896309,0.11162189152,0.0700825672036,0.0350412836018
LTWHPQAGK,9,1181,4.0,4,1.0,15.2355,17.972867727,8.98643386352,0.550116835041,0.870033683662,0.435016841831
LVWHPQAGK,9,1179,4.0,4,1.0,6.94625,10.3585933529,5.17929667643,1.11611510921,1.68813962886,0.84406981443
LWWHPQAGK,9,1266,4.0,4,1.0,3.2267,2.13567309296,1.06783654648,2.76042530998,5.0468397513,2.52341987565
LYWHPQAGK,9,1243,4.0,4,1.0,18.9975,27.2190281176,13.6095140588,0.379797455352,0.403470368851,0.201735184426
MQWHPQAGK,9,1227,4.0,4,1.0,30.785,36.645084709,18.3225423545,0.160429416228,0.223297687865,0.111648843932
NQWHPQAGK,9,1210,4.0,4,1.0,10.145625,11.9135707685,5.95678538425,16.6964737788,23.9109328489,11.9554664245
PQWHPQAGK,9,1193,3.0,3,1.0,5.08,4.45582764478,2.57257329018,0.305548761431,0.193397271058,0.111657966506
QQWHPQAGK,9,1225,3.0,3,1.0,16.17,15.4433383697,8.91621556491,0.10180823328,0.0628845414014,0.036306406906
RQWHPQAGK,9,1252,3.0,3,1.0,9.68666666667,8.94101411101,5.16209690382,0.1650491988,0.101651588613,0.0586885720495
SQWHPQAGK,9,1183,3.0,3,1.0,10.5866666667,4.44384218142,2.56565347968,0.10613937767,0.0429265410374,0.0247836500233
TQWHPQAGK,9,1197,4.0,4,1.0,14.33925,11.3939285989,5.69696429945,0.306280949038,0.486066996904,0.243033498452
VQWHPQAGK,9,1195,3.0,3,1.0,29.7333333333,12.0350875914,6.94846106063,0.0391723741002,0.0205606035258,0.0118706699803
WQWHPQAGK,9,1282,2.0,2,1.0,2.296,1.9996979772,1.414,0.701664313523,0.611113548963,0.432122534547
YQWHPQAGK,9,1259,4.0,4,1.0,17.72,6.99020266754,3.49510133377,0.0684690817116,0.0413947121036,0.0206973560518
EQKLISEEDL,10,1362,73.0,4,0.0547945205479,28360.9475342,6854.64283951,802.275261556,0.00582400711085,0.0401596267327,0.00470032878376
GFPIPLGKQSG,11,1280,3.0,0,0.0,30000.0,0.0,0.0,3.33333333333e-05,0.0,0.0
GKFIPLGKQSG,11,1311,3.0,0,0.0,30000.0,0.0,0.0,3.33333333333e-05,0.0,0.0
GKFPILGKQSG,11,1311,4.0,0,0.0,30000.0,0.0,0.0,3.33333333333e-05,0.0,0.0
GKFPIPGKQSG,11,1295,3.0,0,0.0,30000.0,0.0,0.0,3.33333333333e-05,0.0,0.0
GKFPIPLGKQG,11,1321,4.0,0,0.0,30000.0,0.0,0.0,3.33333333333e-05,0.0,0.0
GKFPIPLGKQS,11,1351,4.0,0,0.0,30000.0,0.0,0.0,3.33333333333e-05,0.0,0.0
GKFPIPLGKSG,11,1279,2.0,0,0.0,30000.0,0.0,0.0,3.33333333333e-05,0.0,0.0
GKFPIPLGQSG,11,1280,3.0,0,0.0,30000.0,0.0,0.0,3.33333333333e-05,0.0,0.0
GKFPIPLKQSG,11,1351,2.0,0,0.0,30000.0,0.0,0.0,3.33333333333e-05,0.0,0.0
GKFPPLGKQSG,11,1295,3.0,0,0.0,30000.0,0.0,0.0,3.33333333333e-05,0.0,0.0
GKPIPLGKQSG,11,1261,3.0,0,0.0,30000.0,0.0,0.0,3.33333333333e-05,0.0,0.0
KFPIPLGKQSG,11,1351,3.0,0,0.0,30000.0,0.0,0.0,3.33333333333e-05,0.0,0.0
AKFPIPLGKQSG,12,1440,2.0,0,0.0,30000.0,0.0,0.0,3.33333333333e-05,0.0,0.0
CKFPIPLGKQSG,12,1472,4.0,0,0.0,30000.0,0.0,0.0,3.33333333333e-05,0.0,0.0
DKFPIPLGKQSG,12,1484,2.0,0,0.0,30000.0,0.0,0.0,3.33333333333e-05,0.0,0.0
EKFPIPLGKQSG,12,1497,4.0,1,0.25,22522.525,14954.95,7477.475,0.00279969478357,0.00553272290048,0.00276636145024
FKFPIPLGKQSG,12,1516,2.0,0,0.0,30000.0,0.0,0.0,3.33333333333e-05,0.0,0.0
GAFPIPLGKQSG,12,1369,3.0,0,0.0,30000.0,0.0,0.0,3.33333333333e-05,0.0,0.0
GCFPIPLGKQSG,12,1401,4.0,1,0.25,22555.5,14889.0,7444.5,0.00115112612612,0.00223558558558,0.00111779279279
GDFPIPLGKQSG,12,1413,3.0,0,0.0,30000.0,0.0,0.0,3.33333333333e-05,0.0,0.0
GEFPIPLGKQSG,12,1426,2.0,0,0.0,30000.0,0.0,0.0,3.33333333333e-05,0.0,0.0
GFFPIPLGKQSG,12,1445,4.0,0,0.0,30000.0,0.0,0.0,3.33333333333e-05,0.0,0.0
GGFPIPLGKQSG,12,1355,3.0,0,0.0,30000.0,0.0,0.0,3.33333333333e-05,0.0,0.0
GHFPIPLGKQSG,12,1435,3.0,0,0.0,30000.0,0.0,0.0,3.33333333333e-05,0.0,0.0
GKAPIPLGKQSG,12,1350,4.0,0,0.0,30000.0,0.0,0.0,3.33333333333e-05,0.0,0.0
GKCPIPLGKQSG,12,1382,3.0,0,0.0,30000.0,0.0,0.0,3.33333333333e-05,0.0,0.0
GKDPIPLGKQSG,12,1394,4.0,0,0.0,30000.0,0.0,0.0,3.33333333333e-05,0.0,0.0
GKEPIPLGKQSG,12,1407,3.0,0,0.0,30000.0,0.0,0.0,3.33333333333e-05,0.0,0.0
GKFAIPLGKQSG,12,1400,1.0,0,0.0,30000.0,0.0,0.0,3.33333333333e-05,0.0,0.0
GKFCIPLGKQSG,12,1432,2.0,0,0.0,30000.0,0.0,0.0,3.33333333333e-05,0.0,0.0
GKFDIPLGKQSG,12,1444,3.0,0,0.0,30000.0,0.0,0.0,3.33333333333e-05,0.0,0.0
GKFEIPLGKQSG,12,1457,4.0,0,0.0,30000.0,0.0,0.0,3.33333333333e-05,0.0,0.0
GKFFIPLGKQSG,12,1476,4.0,0,0.0,30000.0,0.0,0.0,3.33333333333e-05,0.0,0.0
GKFGIPLGKQSG,12,1386,4.0,0,0.0,30000.0,0.0,0.0,3.33333333333e-05,0.0,0.0
GKFHIPLGKQSG,12,1466,4.0,1,0.25,22970.0,14060.0,7030.0,0.000157978723404,0.000249290780142,0.000124645390071
GKFIIPLGKQSG,12,1442,2.0,0,0.0,30000.0,0.0,0.0,3.33333333333e-05,0.0,0.0
GKFKIPLGKQSG,12,1457,4.0,0,0.0,30000.0,0.0,0.0,3.33333333333e-05,0.0,0.0
GKFLIPLGKQSG,12,1442,4.0,0,0.0,30000.0,0.0,0.0,3.33333333333e-05,0.0,0.0
GKFMIPLGKQSG,12,1460,3.0,0,0.0,30000.0,0.0,0.0,3.33333333333e-05,0.0,0.0
GKFNIPLGKQSG,12,1443,3.0,0,0.0,30000.0,0.0,0.0,3.33333333333e-05,0.0,0.0
GKFPAPLGKQSG,12,1384,4.0,1,0.25,22529.5,14941.0,7470.5,0.0021436440678,0.00422062146893,0.00211031073446
GKFPCPLGKQSG,12,1416,3.0,0,0.0,30000.0,0.0,0.0,3.33333333333e-05,0.0,0.0
GKFPDPLGKQSG,12,1428,3.0,0,0.0,30000.0,0.0,0.0,3.33333333333e-05,0.0,0.0
GKFPEPLGKQSG,12,1441,4.0,0,0.0,30000.0,0.0,0.0,3.33333333333e-05,0.0,0.0
GKFPFPLGKQSG,12,1460,4.0,0,0.0,30000.0,0.0,0.0,3.33333333333e-05,0.0,0.0
GKFPGPLGKQSG,12,1370,4.0,0,0.0,30000.0,0.0,0.0,3.33333333333e-05,0.0,0.0
GKFPHPLGKQSG,12,1450,4.0,0,0.0,30000.0,0.0,0.0,3.33333333333e-05,0.0,0.0
GKFPIALGKQSG,12,1400,4.0,0,0.0,30000.0,0.0,0.0,3.33333333333e-05,0.0,0.0
GKFPICLGKQSG,12,1432,3.0,0,0.0,30000.0,0.0,0.0,3.33333333333e-05,0.0,0.0
GKFPIDLGKQSG,12,1444,4.0,0,0.0,30000.0,0.0,0.0,3.33333333333e-05,0.0,0.0
GKFPIELGKQSG,12,1457,2.0,0,0.0,30000.0,0.0,0.0,3.33333333333e-05,0.0,0.0
GKFPIFLGKQSG,12,1476,2.0,0,0.0,30000.0,0.0,0.0,3.33333333333e-05,0.0,0.0
GKFPIGLGKQSG,12,1386,3.0,2,0.666666666667,10060.82,17268.0749795,9969.72773779,0.726480294103,1.25351650531,0.723718091773
GKFPIHLGKQSG,12,1466,4.0,0,0.0,30000.0,0.0,0.0,3.33333333333e-05,0.0,0.0
GKFPIILGKQSG,12,1442,3.0,0,0.0,30000.0,0.0,0.0,3.33333333333e-05,0.0,0.0
GKFPIKLGKQSG,12,1457,4.0,0,0.0,30000.0,0.0,0.0,3.33333333333e-05,0.0,0.0
GKFPILLGKQSG,12,1442,3.0,0,0.0,30000.0,0.0,0.0,3.33333333333e-05,0.0,0.0
GKFPIMLGKQSG,12,1460,4.0,0,0.0,30000.0,0.0,0.0,3.33333333333e-05,0.0,0.0
GKFPINLGKQSG,12,1443,2.0,0,0.0,30000.0,0.0,0.0,3.33333333333e-05,0.0,0.0
GKFPIPAGKQSG,12,1384,2.0,0,0.0,30000.0,0.0,0.0,3.33333333333e-05,0.0,0.0
GKFPIPCGKQSG,12,1416,4.0,0,0.0,30000.0,0.0,0.0,3.33333333333e-05,0.0,0.0
GKFPIPDGKQSG,12,1428,4.0,0,0.0,30000.0,0.0,0.0,3.33333333333e-05,0.0,0.0
GKFPIPEGKQSG,12,1441,2.0,0,0.0,30000.0,0.0,0.0,3.33333333333e-05,0.0,0.0
GKFPIPFGKQSG,12,1460,4.0,1,0.25,22552.0,14896.0,7448.0,0.00122692307692,0.00238717948718,0.00119358974359
GKFPIPGGKQSG,12,1370,4.0,0,0.0,30000.0,0.0,0.0,3.33333333333e-05,0.0,0.0
GKFPIPHGKQSG,12,1450,3.0,0,0.0,30000.0,0.0,0.0,3.33333333333e-05,0.0,0.0
GKFPIPIGKQSG,12,1426,3.0,1,0.333333333333,20038.0,17254.690145,9962.0,0.00294619883041,0.00504523103655,0.00291286549708
GKFPIPKGKQSG,12,1441,3.0,0,0.0,30000.0,0.0,0.0,3.33333333333e-05,0.0,0.0
GKFPIPLAKQSG,12,1440,2.0,0,0.0,30000.0,0.0,0.0,3.33333333333e-05,0.0,0.0
GKFPIPLCKQSG,12,1472,4.0,1,0.25,22502.105,14995.79,7497.895,0.0297162114015,0.0593657561363,0.0296828780682
GKFPIPLDKQSG,12,1484,3.0,0,0.0,30000.0,0.0,0.0,3.33333333333e-05,0.0,0.0
GKFPIPLEKQSG,12,1497,3.0,0,0.0,30000.0,0.0,0.0,3.33333333333e-05,0.0,0.0
GKFPIPLFKQSG,12,1516,3.0,0,0.0,30000.0,0.0,0.0,3.33333333333e-05,0.0,0.0
GKFPIPLGAQSG,12,1369,3.0,0,0.0,30000.0,0.0,0.0,3.33333333333e-05,0.0,0.0
GKFPIPLGCQSG,12,1401,3.0,0,0.0,30000.0,0.0,0.0,3.33333333333e-05,0.0,0.0
GKFPIPLGDQSG,12,1413,3.0,0,0.0,30000.0,0.0,0.0,3.33333333333e-05,0.0,0.0
GKFPIPLGEQSG,12,1426,4.0,0,0.0,30000.0,0.0,0.0,3.33333333333e-05,0.0,0.0
GKFPIPLGFQSG,12,1445,4.0,0,0.0,30000.0,0.0,0.0,3.33333333333e-05,0.0,0.0
GKFPIPLGGQSG,12,1355,3.0,0,0.0,30000.0,0.0,0.0,3.33333333333e-05,0.0,0.0
GKFPIPLGHQSG,12,1435,3.0,2,0.666666666667,10269.6833333,17091.7184303,9867.90823665,0.317883969826,0.54949083544,0.317248681759
GKFPIPLGIQSG,12,1411,1.0,0,0.0,30000.0,0.0,0.0,3.33333333333e-05,0.0,0.0
GKFPIPLGKASG,12,1368,4.0,0,0.0,30000.0,0.0,0.0,3.33333333333e-05,0.0,0.0
GKFPIPLGKCSG,12,1400,3.0,0,0.0,30000.0,0.0,0.0,3.33333333333e-05,0.0,0.0
GKFPIPLGKDSG,12,1412,2.0,0,0.0,30000.0,0.0,0.0,3.33333333333e-05,0.0,0.0
GKFPIPLGKESG,12,1425,3.0,0,0.0,30000.0,0.0,0.0,3.33333333333e-05,0.0,0.0
GKFPIPLGKFSG,12,1444,2.0,0,0.0,30000.0,0.0,0.0,3.33333333333e-05,0.0,0.0
GKFPIPLGKGSG,12,1354,4.0,0,0.0,30000.0,0.0,0.0,3.33333333333e-05,0.0,0.0
GKFPIPLGKHSG,12,1434,4.0,0,0.0,30000.0,0.0,0.0,3.33333333333e-05,0.0,0.0
GKFPIPLGKISG,12,1410,3.0,0,0.0,30000.0,0.0,0.0,3.33333333333e-05,0.0,0.0
GKFPIPLGKKSG,12,1425,2.0,0,0.0,30000.0,0.0,0.0,3.33333333333e-05,0.0,0.0
GKFPIPLGKLSG,12,1410,2.0,0,0.0,30000.0,0.0,0.0,3.33333333333e-05,0.0,0.0
GKFPIPLGKMSG,12,1428,3.0,0,0.0,30000.0,0.0,0.0,3.33333333333e-05,0.0,0.0
GKFPIPLGKNSG,12,1411,3.0,0,0.0,30000.0,0.0,0.0,3.33333333333e-05,0.0,0.0
GKFPIPLGKPSG,12,1394,1.0,0,0.0,30000.0,0.0,0.0,3.33333333333e-05,0.0,0.0
GKFPIPLGKQAG,12,1410,3.0,0,0.0,30000.0,0.0,0.0,3.33333333333e-05,0.0,0.0
GKFPIPLGKQCG,12,1442,4.0,1,0.25,22550.5,14899.0,7449.5,0.00126262376237,0.00245858085808,0.00122929042904
GKFPIPLGKQDG,12,1454,3.0,0,0.0,30000.0,0.0,0.0,3.33333333333e-05,0.0,0.0
GKFPIPLGKQEG,12,1467,4.0,0,0.0,30000.0,0.0,0.0,3.33333333333e-05,0.0,0.0
GKFPIPLGKQFG,12,1486,3.0,0,0.0,30000.0,0.0,0.0,3.33333333333e-05,0.0,0.0
GKFPIPLGKQGG,12,1396,4.0,0,0.0,30000.0,0.0,0.0,3.33333333333e-05,0.0,0.0
GKFPIPLGKQHG,12,1476,3.0,0,0.0,30000.0,0.0,0.0,3.33333333333e-05,0.0,0.0
GKFPIPLGKQIG,12,1452,2.0,0,0.0,30000.0,0.0,0.0,3.33333333333e-05,0.0,0.0
GKFPIPLGKQKG,12,1467,3.0,0,0.0,30000.0,0.0,0.0,3.33333333333e-05,0.0,0.0
GKFPIPLGKQLG,12,1452,4.0,0,0.0,30000.0,0.0,0.0,3.33333333333e-05,0.0,0.0
GKFPIPLGKQMG,12,1470,4.0,0,0.0,30000.0,0.0,0.0,3.33333333333e-05,0.0,0.0
GKFPIPLGKQNG,12,1453,3.0,0,0.0,30000.0,0.0,0.0,3.33333333333e-05,0.0,0.0
GKFPIPLGKQPG,12,1436,2.0,0,0.0,30000.0,0.0,0.0,3.33333333333e-05,0.0,0.0
GKFPIPLGKQQG,12,1468,4.0,1,0.25,22501.8075,14996.385,7498.1925,0.0346031466112,0.0691396265558,0.0345698132779
GKFPIPLGKQRG,12,1495,2.0,0,0.0,30000.0,0.0,0.0,3.33333333333e-05,0.0,0.0
GKFPIPLGKQSA,12,1440,4.0,0,0.0,30000.0,0.0,0.0,3.33333333333e-05,0.0,0.0
GKFPIPLGKQSC,12,1472,2.0,0,0.0,30000.0,0.0,0.0,3.33333333333e-05,0.0,0.0
GKFPIPLGKQSD,12,1484,3.0,0,0.0,30000.0,0.0,0.0,3.33333333333e-05,0.0,0.0
GKFPIPLGKQSE,12,1497,3.0,0,0.0,30000.0,0.0,0.0,3.33333333333e-05,0.0,0.0
GKFPIPLGKQSF,12,1516,3.0,0,0.0,30000.0,0.0,0.0,3.33333333333e-05,0.0,0.0
GKFPIPLGKQSG,12,1426,35.0,0,0.0,30000.0,0.0,0.0,3.33333333333e-05,0.0,0.0
GKFPIPLGKQSH,12,1506,2.0,0,0.0,30000.0,0.0,0.0,3.33333333333e-05,0.0,0.0
GKFPIPLGKQSI,12,1482,3.0,0,0.0,30000.0,0.0,0.0,3.33333333333e-05,0.0,0.0
GKFPIPLGKQSK,12,1497,2.0,0,0.0,30000.0,0.0,0.0,3.33333333333e-05,0.0,0.0
GKFPIPLGKQSL,12,1482,1.0,0,0.0,30000.0,0.0,0.0,3.33333333333e-05,0.0,0.0
GKFPIPLGKQSM,12,1500,2.0,0,0.0,30000.0,0.0,0.0,3.33333333333e-05,0.0,0.0
GKFPIPLGKQSN,12,1483,3.0,0,0.0,30000.0,0.0,0.0,3.33333333333e-05,0.0,0.0
GKFPIPLGKQSP,12,1466,4.0,0,0.0,30000.0,0.0,0.0,3.33333333333e-05,0.0,0.0
GKFPIPLGKQSQ,12,1498,2.0,0,0.0,30000.0,0.0,0.0,3.33333333333e-05,0.0,0.0
GKFPIPLGKQSR,12,1525,4.0,0,0.0,30000.0,0.0,0.0,3.33333333333e-05,0.0,0.0
GKFPIPLGKQSS,12,1456,3.0,0,0.0,30000.0,0.0,0.0,3.33333333333e-05,0.0,0.0
GKFPIPLGKQST,12,1470,3.0,0,0.0,30000.0,0.0,0.0,3.33333333333e-05,0.0,0.0
GKFPIPLGKQSV,12,1468,3.0,0,0.0,30000.0,0.0,0.0,3.33333333333e-05,0.0,0.0
GKFPIPLGKQSW,12,1555,3.0,0,0.0,30000.0,0.0,0.0,3.33333333333e-05,0.0,0.0
GKFPIPLGKQSY,12,1532,4.0,0,0.0,30000.0,0.0,0.0,3.33333333333e-05,0.0,0.0
GKFPIPLGKQTG,12,1440,2.0,0,0.0,30000.0,0.0,0.0,3.33333333333e-05,0.0,0.0
GKFPIPLGKQVG,12,1438,3.0,0,0.0,30000.0,0.0,0.0,3.33333333333e-05,0.0,0.0
GKFPIPLGKQWG,12,1525,4.0,0,0.0,30000.0,0.0,0.0,3.33333333333e-05,0.0,0.0
GKFPIPLGKQYG,12,1502,4.0,0,0.0,30000.0,0.0,0.0,3.33333333333e-05,0.0,0.0
GKFPIPLGKRSG,12,1453,4.0,0,0.0,30000.0,0.0,0.0,3.33333333333e-05,0.0,0.0
GKFPIPLGKSSG,12,1384,2.0,0,0.0,30000.0,0.0,0.0,3.33333333333e-05,0.0,0.0
GKFPIPLGKVSG,12,1396,4.0,0,0.0,30000.0,0.0,0.0,3.33333333333e-05,0.0,0.0
GKFPIPLGKWSG,12,1483,3.0,0,0.0,30000.0,0.0,0.0,3.33333333333e-05,0.0,0.0
GKFPIPLGKYSG,12,1460,2.0,0,0.0,30000.0,0.0,0.0,3.33333333333e-05,0.0,0.0
GKFPIPLGLQSG,12,1411,4.0,0,0.0,30000.0,0.0,0.0,3.33333333333e-05,0.0,0.0
GKFPIPLGMQSG,12,1429,4.0,0,0.0,30000.0,0.0,0.0,3.33333333333e-05,0.0,0.0
GKFPIPLGNQSG,12,1412,3.0,0,0.0,30000.0,0.0,0.0,3.33333333333e-05,0.0,0.0
GKFPIPLGPQSG,12,1395,4.0,0,0.0,30000.0,0.0,0.0,3.33333333333e-05,0.0,0.0
GKFPIPLGQQSG,12,1427,2.0,0,0.0,30000.0,0.0,0.0,3.33333333333e-05,0.0,0.0
GKFPIPLGRQSG,12,1454,4.0,0,0.0,30000.0,0.0,0.0,3.33333333333e-05,0.0,0.0
GKFPIPLGSQSG,12,1385,3.0,0,0.0,30000.0,0.0,0.0,3.33333333333e-05,0.0,0.0
GKFPIPLGTQSG,12,1399,3.0,0,0.0,30000.0,0.0,0.0,3.33333333333e-05,0.0,0.0
GKFPIPLGVQSG,12,1397,2.0,0,0.0,30000.0,0.0,0.0,3.33333333333e-05,0.0,0.0
GKFPIPLGWQSG,12,1484,4.0,0,0.0,30000.0,0.0,0.0,3.33333333333e-05,0.0,0.0
GKFPIPLGYQSG,12,1461,4.0,0,0.0,30000.0,0.0,0.0,3.33333333333e-05,0.0,0.0
GKFPIPLHKQSG,12,1506,3.0,0,0.0,30000.0,0.0,0.0,3.33333333333e-05,0.0,0.0
GKFPIPLIKQSG,12,1482,2.0,0,0.0,30000.0,0.0,0.0,3.33333333333e-05,0.0,0.0
GKFPIPLKKQSG,12,1497,3.0,0,0.0,30000.0,0.0,0.0,3.33333333333e-05,0.0,0.0
GKFPIPLLKQSG,12,1482,3.0,0,0.0,30000.0,0.0,0.0,3.33333333333e-05,0.0,0.0
GKFPIPLMKQSG,12,1500,4.0,0,0.0,30000.0,0.0,0.0,3.33333333333e-05,0.0,0.0
GKFPIPLNKQSG,12,1483,4.0,0,0.0,30000.0,0.0,0.0,3.33333333333e-05,0.0,0.0
GKFPIPLPKQSG,12,1466,3.0,0,0.0,30000.0,0.0,0.0,3.33333333333e-05,0.0,0.0
GKFPIPLQKQSG,12,1498,3.0,0,0.0,30000.0,0.0,0.0,3.33333333333e-05,0.0,0.0
GKFPIPLRKQSG,12,1525,2.0,0,0.0,30000.0,0.0,0.0,3.33333333333e-05,0.0,0.0
GKFPIPLSKQSG,12,1456,3.0,0,0.0,30000.0,0.0,0.0,3.33333333333e-05,0.0,0.0
GKFPIPLTKQSG,12,1470,3.0,0,0.0,30000.0,0.0,0.0,3.33333333333e-05,0.0,0.0
GKFPIPLVKQSG,12,1468,2.0,0,0.0,30000.0,0.0,0.0,3.33333333333e-05,0.0,0.0
GKFPIPLWKQSG,12,1555,4.0,0,0.0,30000.0,0.0,0.0,3.33333333333e-05,0.0,0.0
GKFPIPLYKQSG,12,1532,1.0,0,0.0,30000.0,0.0,0.0,3.33333333333e-05,0.0,0.0
GKFPIPMGKQSG,12,1444,2.0,0,0.0,30000.0,0.0,0.0,3.33333333333e-05,0.0,0.0
GKFPIPNGKQSG,12,1427,1.0,0,0.0,30000.0,0.0,0.0,3.33333333333e-05,0.0,0.0
GKFPIPPGKQSG,12,1410,3.0,0,0.0,30000.0,0.0,0.0,3.33333333333e-05,0.0,0.0
GKFPIPQGKQSG,12,1442,4.0,0,0.0,30000.0,0.0,0.0,3.33333333333e-05,0.0,0.0
GKFPIPRGKQSG,12,1469,3.0,0,0.0,30000.0,0.0,0.0,3.33333333333e-05,0.0,0.0
GKFPIPSGKQSG,12,1400,4.0,1,0.25,22523.6,14952.8,7476.4,0.00267330508475,0.00527994350283,0.00263997175142
GKFPIPTGKQSG,12,1414,3.0,0,0.0,30000.0,0.0,0.0,3.33333333333e-05,0.0,0.0
GKFPIPVGKQSG,12,1412,3.0,0,0.0,30000.0,0.0,0.0,3.33333333333e-05,0.0,0.0
GKFPIPWGKQSG,12,1499,3.0,0,0.0,30000.0,0.0,0.0,3.33333333333e-05,0.0,0.0
GKFPIPYGKQSG,12,1476,2.0,0,0.0,30000.0,0.0,0.0,3.33333333333e-05,0.0,0.0
GKFPIQLGKQSG,12,1458,3.0,0,0.0,30000.0,0.0,0.0,3.33333333333e-05,0.0,0.0
GKFPIRLGKQSG,12,1485,2.0,0,0.0,30000.0,0.0,0.0,3.33333333333e-05,0.0,0.0
GKFPISLGKQSG,12,1416,4.0,0,0.0,30000.0,0.0,0.0,3.33333333333e-05,0.0,0.0
GKFPITLGKQSG,12,1430,4.0,0,0.0,30000.0,0.0,0.0,3.33333333333e-05,0.0,0.0
GKFPIVLGKQSG,12,1428,3.0,0,0.0,30000.0,0.0,0.0,3.33333333333e-05,0.0,0.0
GKFPIWLGKQSG,12,1515,2.0,0,0.0,30000.0,0.0,0.0,3.33333333333e-05,0.0,0.0
GKFPIYLGKQSG,12,1492,3.0,0,0.0,30000.0,0.0,0.0,3.33333333333e-05,0.0,0.0
GKFPKPLGKQSG,12,1441,4.0,0,0.0,30000.0,0.0,0.0,3.33333333333e-05,0.0,0.0
GKFPLPLGKQSG,12,1426,3.0,0,0.0,30000.0,0.0,0.0,3.33333333333e-05,0.0,0.0
GKFPMPLGKQSG,12,1444,3.0,0,0.0,30000.0,0.0,0.0,3.33333333333e-05,0.0,0.0
GKFPNPLGKQSG,12,1427,4.0,0,0.0,30000.0,0.0,0.0,3.33333333333e-05,0.0,0.0
GKFPPPLGKQSG,12,1410,4.0,0,0.0,30000.0,0.0,0.0,3.33333333333e-05,0.0,0.0
GKFPQPLGKQSG,12,1442,4.0,0,0.0,30000.0,0.0,0.0,3.33333333333e-05,0.0,0.0
GKFPRPLGKQSG,12,1469,4.0,0,0.0,30000.0,0.0,0.0,3.33333333333e-05,0.0,0.0
GKFPSPLGKQSG,12,1400,2.0,0,0.0,30000.0,0.0,0.0,3.33333333333e-05,0.0,0.0
GKFPTPLGKQSG,12,1414,2.0,0,0.0,30000.0,0.0,0.0,3.33333333333e-05,0.0,0.0
GKFPVPLGKQSG,12,1412,3.0,0,0.0,30000.0,0.0,0.0,3.33333333333e-05,0.0,0.0
GKFPWPLGKQSG,12,1499,3.0,0,0.0,30000.0,0.0,0.0,3.33333333333e-05,0.0,0.0
GKFPYPLGKQSG,12,1476,4.0,0,0.0,30000.0,0.0,0.0,3.33333333333e-05,0.0,0.0
GKFQIPLGKQSG,12,1458,2.0,0,0.0,30000.0,0.0,0.0,3.33333333333e-05,0.0,0.0
GKFRIPLGKQSG,12,1485,4.0,0,0.0,30000.0,0.0,0.0,3.33333333333e-05,0.0,0.0
GKFSIPLGKQSG,12,1416,4.0,0,0.0,30000.0,0.0,0.0,3.33333333333e-05,0.0,0.0
GKFTIPLGKQSG,12,1430,3.0,0,0.0,30000.0,0.0,0.0,3.33333333333e-05,0.0,0.0
GKFVIPLGKQSG,12,1428,4.0,0,0.0,30000.0,0.0,0.0,3.33333333333e-05,0.0,0.0
GKFWIPLGKQSG,12,1515,3.0,0,0.0,30000.0,0.0,0.0,3.33333333333e-05,0.0,0.0
GKFYIPLGKQSG,12,1492,2.0,0,0.0,30000.0,0.0,0.0,3.33333333333e-05,0.0,0.0
GKGPIPLGKQSG,12,1336,2.0,0,0.0,30000.0,0.0,0.0,3.33333333333e-05,0.0,0.0
GKHPIPLGKQSG,12,1416,4.0,0,0.0,30000.0,0.0,0.0,3.33333333333e-05,0.0,0.0
GKIPIPLGKQSG,12,1392,3.0,0,0.0,30000.0,0.0,0.0,3.33333333333e-05,0.0,0.0
GKKPIPLGKQSG,12,1407,3.0,0,0.0,30000.0,0.0,0.0,3.33333333333e-05,0.0,0.0
GKLPIPLGKQSG,12,1392,3.0,0,0.0,30000.0,0.0,0.0,3.33333333333e-05,0.0,0.0
GKMPIPLGKQSG,12,1410,4.0,0,0.0,30000.0,0.0,0.0,3.33333333333e-05,0.0,0.0
GKNPIPLGKQSG,12,1393,3.0,0,0.0,30000.0,0.0,0.0,3.33333333333e-05,0.0,0.0
GKPPIPLGKQSG,12,1376,3.0,0,0.0,30000.0,0.0,0.0,3.33333333333e-05,0.0,0.0
GKQPIPLGKQSG,12,1408,4.0,0,0.0,30000.0,0.0,0.0,3.33333333333e-05,0.0,0.0
GKRPIPLGKQSG,12,1435,3.0,0,0.0,30000.0,0.0,0.0,3.33333333333e-05,0.0,0.0
GKSPIPLGKQSG,12,1366,4.0,0,0.0,30000.0,0.0,0.0,3.33333333333e-05,0.0,0.0
GKTPIPLGKQSG,12,1380,3.0,0,0.0,30000.0,0.0,0.0,3.33333333333e-05,0.0,0.0
GKVPIPLGKQSG,12,1378,4.0,0,0.0,30000.0,0.0,0.0,3.33333333333e-05,0.0,0.0
GKWPIPLGKQSG,12,1465,1.0,0,0.0,30000.0,0.0,0.0,3.33333333333e-05,0.0,0.0
GKYPIPLGKQSG,12,1442,3.0,0,0.0,30000.0,0.0,0.0,3.33333333333e-05,0.0,0.0
GLFPIPLGKQSG,12,1411,3.0,0,0.0,30000.0,0.0,0.0,3.33333333333e-05,0.0,0.0
GMFPIPLGKQSG,12,1429,3.0,0,0.0,30000.0,0.0,0.0,3.33333333333e-05,0.0,0.0
GNFPIPLGKQSG,12,1412,2.0,0,0.0,30000.0,0.0,0.0,3.33333333333e-05,0.0,0.0
GPFPIPLGKQSG,12,1395,2.0,0,0.0,30000.0,0.0,0.0,3.33333333333e-05,0.0,0.0
GQFPIPLGKQSG,12,1427,4.0,0,0.0,30000.0,0.0,0.0,3.33333333333e-05,0.0,0.0
GQFQVWIPGAQK,12,1558,2.0,0,0.0,30000.0,0.0,0.0,3.33333333333e-05,0.0,0.0
GRFPIPLGKQSG,12,1454,4.0,0,0.0,30000.0,0.0,0.0,3.33333333333e-05,0.0,0.0
GSFPIPLGKQSG,12,1385,2.0,0,0.0,30000.0,0.0,0.0,3.33333333333e-05,0.0,0.0
GTFPIPLGKQSG,12,1399,4.0,0,0.0,30000.0,0.0,0.0,3.33333333333e-05,0.0,0.0
GVFPIPLGKQSG,12,1397,4.0,0,0.0,30000.0,0.0,0.0,3.33333333333e-05,0.0,0.0
GWFPIPLGKQSG,12,1484,2.0,0,0.0,30000.0,0.0,0.0,3.33333333333e-05,0.0,0.0
GYFPIPLGKQSG,12,1461,4.0,0,0.0,30000.0,0.0,0.0,3.33333333333e-05,0.0,0.0
HKFPIPLGKQSG,12,1506,4.0,0,0.0,30000.0,0.0,0.0,3.33333333333e-05,0.0,0.0
IKFPIPLGKQSG,12,1482,4.0,0,0.0,30000.0,0.0,0.0,3.33333333333e-05,0.0,0.0
KKFPIPLGKQSG,12,1497,4.0,0,0.0,30000.0,0.0,0.0,3.33333333333e-05,0.0,0.0
LKFPIPLGKQSG,12,1482,2.0,0,0.0,30000.0,0.0,0.0,3.33333333333e-05,0.0,0.0
MKFPIPLGKQSG,12,1500,4.0,0,0.0,30000.0,0.0,0.0,3.33333333333e-05,0.0,0.0
NGFQVWIPGAQK,12,1543,2.0,0,0.0,30000.0,0.0,0.0,3.33333333333e-05,0.0,0.0
NGQFQVIPGAQK,12,1486,2.0,0,0.0,30000.0,0.0,0.0,3.33333333333e-05,0.0,0.0
NGQFQVWIGAQK,12,1575,4.0,0,0.0,30000.0,0.0,0.0,3.33333333333e-05,0.0,0.0
NGQFQVWIPAQK,12,1615,3.0,0,0.0,30000.0,0.0,0.0,3.33333333333e-05,0.0,0.0
NGQFQVWIPGAK,12,1543,3.0,0,0.0,30000.0,0.0,0.0,3.33333333333e-05,0.0,0.0
NGQFQVWIPGAQ,12,1544,2.0,0,0.0,30000.0,0.0,0.0,3.33333333333e-05,0.0,0.0
NGQFQVWIPGQK,12,1601,4.0,0,0.0,30000.0,0.0,0.0,3.33333333333e-05,0.0,0.0
NGQFQVWPGAQK,12,1559,2.0,0,0.0,30000.0,0.0,0.0,3.33333333333e-05,0.0,0.0
NGQFQWIPGAQK,12,1573,3.0,0,0.0,30000.0,0.0,0.0,3.33333333333e-05,0.0,0.0
NGQFVWIPGAQK,12,1543,3.0,0,0.0,30000.0,0.0,0.0,3.33333333333e-05,0.0,0.0
NGQQVWIPGAQK,12,1525,3.0,0,0.0,30000.0,0.0,0.0,3.33333333333e-05,0.0,0.0
NKFPIPLGKQSG,12,1483,2.0,0,0.0,30000.0,0.0,0.0,3.33333333333e-05,0.0,0.0
NQFQVWIPGAQK,12,1615,4.0,0,0.0,30000.0,0.0,0.0,3.33333333333e-05,0.0,0.0
PKFPIPLGKQSG,12,1466,4.0,0,0.0,30000.0,0.0,0.0,3.33333333333e-05,0.0,0.0
QKFPIPLGKQSG,12,1498,3.0,0,0.0,30000.0,0.0,0.0,3.33333333333e-05,0.0,0.0
RKFPIPLGKQSG,12,1525,3.0,0,0.0,30000.0,0.0,0.0,3.33333333333e-05,0.0,0.0
SKFPIPLGKQSG,12,1456,3.0,0,0.0,30000.0,0.0,0.0,3.33333333333e-05,0.0,0.0
TKFPIPLGKQSG,12,1470,3.0,0,0.0,30000.0,0.0,0.0,3.33333333333e-05,0.0,0.0
VKFPIPLGKQSG,12,1468,3.0,0,0.0,30000.0,0.0,0.0,3.33333333333e-05,0.0,0.0
WKFPIPLGKQSG,12,1555,4.0,1,0.25,22511.125,14977.75,7488.875,0.0056429775281,0.0112192883895,0.00560964419477
YKFPIPLGKQSG,12,1532,4.0,0,0.0,30000.0,0.0,0.0,3.33333333333e-05,0.0,0.0
AGQFQVWIPGAQK,13,1647,14.0,0,0.0,30000.0,0.0,0.0,3.33333333333e-05,0.0,0.0
CGQFQVWIPGAQK,13,1679,13.0,0,0.0,30000.0,0.0,0.0,3.33333333333e-05,0.0,0.0
DGQFQVWIPGAQK,13,1691,19.0,0,0.0,30000.0,0.0,0.0,3.33333333333e-05,0.0,0.0
EGQFQVWIPGAQK,13,1704,18.0,0,0.0,30000.0,0.0,0.0,3.33333333333e-05,0.0,0.0
FGQFQVWIPGAQK,13,1723,14.0,0,0.0,30000.0,0.0,0.0,3.33333333333e-05,0.0,0.0
GGQFQVWIPGAQK,13,1633,17.0,0,0.0,30000.0,0.0,0.0,3.33333333333e-05,0.0,0.0
HGQFQVWIPGAQK,13,1713,12.0,0,0.0,30000.0,0.0,0.0,3.33333333333e-05,0.0,0.0
IGQFQVWIPGAQK,13,1689,15.0,0,0.0,30000.0,0.0,0.0,3.33333333333e-05,0.0,0.0
KGQFQVWIPGAQK,13,1704,16.0,1,0.0625,28142.875,7428.5,1857.125,0.000249781468531,0.000865792540792,0.000216448135198
LGQFQVWIPGAQK,13,1689,3.0,0,0.0,30000.0,0.0,0.0,3.33333333333e-05,0.0,0.0
MGQFQVWIPGAQK,13,1707,3.0,0,0.0,30000.0,0.0,0.0,3.33333333333e-05,0.0,0.0
NAQFQVWIPGAQK,13,1704,4.0,0,0.0,30000.0,0.0,0.0,3.33333333333e-05,0.0,0.0
NCQFQVWIPGAQK,13,1736,2.0,0,0.0,30000.0,0.0,0.0,3.33333333333e-05,0.0,0.0
NDQFQVWIPGAQK,13,1748,3.0,0,0.0,30000.0,0.0,0.0,3.33333333333e-05,0.0,0.0
NEQFQVWIPGAQK,13,1761,3.0,0,0.0,30000.0,0.0,0.0,3.33333333333e-05,0.0,0.0
NFQFQVWIPGAQK,13,1780,4.0,0,0.0,30000.0,0.0,0.0,3.33333333333e-05,0.0,0.0
NGAFQVWIPGAQK,13,1632,3.0,0,0.0,30000.0,0.0,0.0,3.33333333333e-05,0.0,0.0
NGCFQVWIPGAQK,13,1664,3.0,0,0.0,30000.0,0.0,0.0,3.33333333333e-05,0.0,0.0
NGDFQVWIPGAQK,13,1676,4.0,0,0.0,30000.0,0.0,0.0,3.33333333333e-05,0.0,0.0
NGEFQVWIPGAQK,13,1689,3.0,0,0.0,30000.0,0.0,0.0,3.33333333333e-05,0.0,0.0
NGFFQVWIPGAQK,13,1708,4.0,0,0.0,30000.0,0.0,0.0,3.33333333333e-05,0.0,0.0
NGGFQVWIPGAQK,13,1618,1.0,0,0.0,30000.0,0.0,0.0,3.33333333333e-05,0.0,0.0
NGHFQVWIPGAQK,13,1698,2.0,0,0.0,30000.0,0.0,0.0,3.33333333333e-05,0.0,0.0
NGIFQVWIPGAQK,13,1674,3.0,0,0.0,30000.0,0.0,0.0,3.33333333333e-05,0.0,0.0
NGKFQVWIPGAQK,13,1689,3.0,0,0.0,30000.0,0.0,0.0,3.33333333333e-05,0.0,0.0
NGLFQVWIPGAQK,13,1674,3.0,0,0.0,30000.0,0.0,0.0,3.33333333333e-05,0.0,0.0
NGMFQVWIPGAQK,13,1692,3.0,0,0.0,30000.0,0.0,0.0,3.33333333333e-05,0.0,0.0
NGNFQVWIPGAQK,13,1675,4.0,0,0.0,30000.0,0.0,0.0,3.33333333333e-05,0.0,0.0
NGPFQVWIPGAQK,13,1658,4.0,0,0.0,30000.0,0.0,0.0,3.33333333333e-05,0.0,0.0
NGQAQVWIPGAQK,13,1614,3.0,0,0.0,30000.0,0.0,0.0,3.33333333333e-05,0.0,0.0
NGQCQVWIPGAQK,13,1646,3.0,0,0.0,30000.0,0.0,0.0,3.33333333333e-05,0.0,0.0
NGQDQVWIPGAQK,13,1658,4.0,0,0.0,30000.0,0.0,0.0,3.33333333333e-05,0.0,0.0
NGQEQVWIPGAQK,13,1671,2.0,0,0.0,30000.0,0.0,0.0,3.33333333333e-05,0.0,0.0
NGQFAVWIPGAQK,13,1632,3.0,0,0.0,30000.0,0.0,0.0,3.33333333333e-05,0.0,0.0
NGQFCVWIPGAQK,13,1664,3.0,0,0.0,30000.0,0.0,0.0,3.33333333333e-05,0.0,0.0
NGQFDVWIPGAQK,13,1676,4.0,0,0.0,30000.0,0.0,0.0,3.33333333333e-05,0.0,0.0
NGQFEVWIPGAQK,13,1689,2.0,0,0.0,30000.0,0.0,0.0,3.33333333333e-05,0.0,0.0
NGQFFVWIPGAQK,13,1708,4.0,0,0.0,30000.0,0.0,0.0,3.33333333333e-05,0.0,0.0
NGQFGVWIPGAQK,13,1618,3.0,1,0.333333333333,20006.3666667,17309.4806855,9993.63333333,0.017474229203,0.0302085177758,0.0174408958697
NGQFHVWIPGAQK,13,1698,3.0,0,0.0,30000.0,0.0,0.0,3.33333333333e-05,0.0,0.0
NGQFIVWIPGAQK,13,1674,3.0,0,0.0,30000.0,0.0,0.0,3.33333333333e-05,0.0,0.0
NGQFKVWIPGAQK,13,1689,3.0,0,0.0,30000.0,0.0,0.0,3.33333333333e-05,0.0,0.0
NGQFLVWIPGAQK,13,1674,2.0,0,0.0,30000.0,0.0,0.0,3.33333333333e-05,0.0,0.0
NGQFMVWIPGAQK,13,1692,4.0,0,0.0,30000.0,0.0,0.0,3.33333333333e-05,0.0,0.0
NGQFNVWIPGAQK,13,1675,4.0,0,0.0,30000.0,0.0,0.0,3.33333333333e-05,0.0,0.0
NGQFPVWIPGAQK,13,1658,2.0,0,0.0,30000.0,0.0,0.0,3.33333333333e-05,0.0,0.0
NGQFQAWIPGAQK,13,1662,3.0,0,0.0,30000.0,0.0,0.0,3.33333333333e-05,0.0,0.0
NGQFQCWIPGAQK,13,1694,4.0,0,0.0,30000.0,0.0,0.0,3.33333333333e-05,0.0,0.0
NGQFQDWIPGAQK,13,1706,4.0,0,0.0,30000.0,0.0,0.0,3.33333333333e-05,0.0,0.0
NGQFQEWIPGAQK,13,1719,3.0,0,0.0,30000.0,0.0,0.0,3.33333333333e-05,0.0,0.0
NGQFQFWIPGAQK,13,1738,3.0,0,0.0,30000.0,0.0,0.0,3.33333333333e-05,0.0,0.0
NGQFQGWIPGAQK,13,1648,3.0,0,0.0,30000.0,0.0,0.0,3.33333333333e-05,0.0,0.0
NGQFQHWIPGAQK,13,1728,3.0,0,0.0,30000.0,0.0,0.0,3.33333333333e-05,0.0,0.0
NGQFQIWIPGAQK,13,1704,4.0,0,0.0,30000.0,0.0,0.0,3.33333333333e-05,0.0,0.0
NGQFQKWIPGAQK,13,1719,3.0,0,0.0,30000.0,0.0,0.0,3.33333333333e-05,0.0,0.0
NGQFQLWIPGAQK,13,1704,3.0,0,0.0,30000.0,0.0,0.0,3.33333333333e-05,0.0,0.0
NGQFQMWIPGAQK,13,1722,2.0,0,0.0,30000.0,0.0,0.0,3.33333333333e-05,0.0,0.0
NGQFQNWIPGAQK,13,1705,4.0,0,0.0,30000.0,0.0,0.0,3.33333333333e-05,0.0,0.0
NGQFQPWIPGAQK,13,1688,3.0,0,0.0,30000.0,0.0,0.0,3.33333333333e-05,0.0,0.0
NGQFQQWIPGAQK,13,1720,2.0,0,0.0,30000.0,0.0,0.0,3.33333333333e-05,0.0,0.0
NGQFQRWIPGAQK,13,1747,3.0,0,0.0,30000.0,0.0,0.0,3.33333333333e-05,0.0,0.0
NGQFQSWIPGAQK,13,1678,4.0,1,0.25,22593.5,14813.0,7406.5,0.00069344919786,0.00132023172905,0.000660115864527
NGQFQTWIPGAQK,13,1692,4.0,0,0.0,30000.0,0.0,0.0,3.33333333333e-05,0.0,0.0
NGQFQVAIPGAQK,13,1575,3.0,0,0.0,30000.0,0.0,0.0,3.33333333333e-05,0.0,0.0
NGQFQVCIPGAQK,13,1607,2.0,0,0.0,30000.0,0.0,0.0,3.33333333333e-05,0.0,0.0
NGQFQVDIPGAQK,13,1619,4.0,0,0.0,30000.0,0.0,0.0,3.33333333333e-05,0.0,0.0
NGQFQVEIPGAQK,13,1632,2.0,0,0.0,30000.0,0.0,0.0,3.33333333333e-05,0.0,0.0
NGQFQVFIPGAQK,13,1651,2.0,0,0.0,30000.0,0.0,0.0,3.33333333333e-05,0.0,0.0
NGQFQVGIPGAQK,13,1561,3.0,0,0.0,30000.0,0.0,0.0,3.33333333333e-05,0.0,0.0
NGQFQVHIPGAQK,13,1641,4.0,0,0.0,30000.0,0.0,0.0,3.33333333333e-05,0.0,0.0
NGQFQVIIPGAQK,13,1617,4.0,0,0.0,30000.0,0.0,0.0,3.33333333333e-05,0.0,0.0
NGQFQVKIPGAQK,13,1632,4.0,0,0.0,30000.0,0.0,0.0,3.33333333333e-05,0.0,0.0
NGQFQVLIPGAQK,13,1617,3.0,0,0.0,30000.0,0.0,0.0,3.33333333333e-05,0.0,0.0
NGQFQVMIPGAQK,13,1635,2.0,0,0.0,30000.0,0.0,0.0,3.33333333333e-05,0.0,0.0
NGQFQVNIPGAQK,13,1618,3.0,0,0.0,30000.0,0.0,0.0,3.33333333333e-05,0.0,0.0
NGQFQVPIPGAQK,13,1601,2.0,0,0.0,30000.0,0.0,0.0,3.33333333333e-05,0.0,0.0
NGQFQVQIPGAQK,13,1633,4.0,0,0.0,30000.0,0.0,0.0,3.33333333333e-05,0.0,0.0
NGQFQVRIPGAQK,13,1660,1.0,0,0.0,30000.0,0.0,0.0,3.33333333333e-05,0.0,0.0
NGQFQVSIPGAQK,13,1591,2.0,0,0.0,30000.0,0.0,0.0,3.33333333333e-05,0.0,0.0
NGQFQVTIPGAQK,13,1605,4.0,0,0.0,30000.0,0.0,0.0,3.33333333333e-05,0.0,0.0
NGQFQVVIPGAQK,13,1603,4.0,0,0.0,30000.0,0.0,0.0,3.33333333333e-05,0.0,0.0
NGQFQVWAPGAQK,13,1648,4.0,0,0.0,30000.0,0.0,0.0,3.33333333333e-05,0.0,0.0
NGQFQVWCPGAQK,13,1680,3.0,0,0.0,30000.0,0.0,0.0,3.33333333333e-05,0.0,0.0
NGQFQVWDPGAQK,13,1692,4.0,0,0.0,30000.0,0.0,0.0,3.33333333333e-05,0.0,0.0
NGQFQVWEPGAQK,13,1705,3.0,0,0.0,30000.0,0.0,0.0,3.33333333333e-05,0.0,0.0
NGQFQVWFPGAQK,13,1724,4.0,0,0.0,30000.0,0.0,0.0,3.33333333333e-05,0.0,0.0
NGQFQVWGPGAQK,13,1634,4.0,0,0.0,30000.0,0.0,0.0,3.33333333333e-05,0.0,0.0
NGQFQVWHPGAQK,13,1714,4.0,0,0.0,30000.0,0.0,0.0,3.33333333333e-05,0.0,0.0
NGQFQVWIAGAQK,13,1664,2.0,0,0.0,30000.0,0.0,0.0,3.33333333333e-05,0.0,0.0
NGQFQVWICGAQK,13,1696,3.0,0,0.0,30000.0,0.0,0.0,3.33333333333e-05,0.0,0.0
NGQFQVWIDGAQK,13,1708,4.0,0,0.0,30000.0,0.0,0.0,3.33333333333e-05,0.0,0.0
NGQFQVWIEGAQK,13,1721,2.0,0,0.0,30000.0,0.0,0.0,3.33333333333e-05,0.0,0.0
NGQFQVWIFGAQK,13,1740,3.0,0,0.0,30000.0,0.0,0.0,3.33333333333e-05,0.0,0.0
NGQFQVWIGGAQK,13,1650,3.0,0,0.0,30000.0,0.0,0.0,3.33333333333e-05,0.0,0.0
NGQFQVWIHGAQK,13,1730,4.0,0,0.0,30000.0,0.0,0.0,3.33333333333e-05,0.0,0.0
NGQFQVWIIGAQK,13,1706,3.0,0,0.0,30000.0,0.0,0.0,3.33333333333e-05,0.0,0.0
NGQFQVWIKGAQK,13,1721,3.0,0,0.0,30000.0,0.0,0.0,3.33333333333e-05,0.0,0.0
NGQFQVWILGAQK,13,1706,4.0,0,0.0,30000.0,0.0,0.0,3.33333333333e-05,0.0,0.0
NGQFQVWIMGAQK,13,1724,4.0,0,0.0,30000.0,0.0,0.0,3.33333333333e-05,0.0,0.0
NGQFQVWINGAQK,13,1707,4.0,0,0.0,30000.0,0.0,0.0,3.33333333333e-05,0.0,0.0
NGQFQVWIPAAQK,13,1704,3.0,0,0.0,30000.0,0.0,0.0,3.33333333333e-05,0.0,0.0
NGQFQVWIPCAQK,13,1736,3.0,0,0.0,30000.0,0.0,0.0,3.33333333333e-05,0.0,0.0
NGQFQVWIPDAQK,13,1748,2.0,0,0.0,30000.0,0.0,0.0,3.33333333333e-05,0.0,0.0
NGQFQVWIPEAQK,13,1761,4.0,0,0.0,30000.0,0.0,0.0,3.33333333333e-05,0.0,0.0
NGQFQVWIPFAQK,13,1780,4.0,0,0.0,30000.0,0.0,0.0,3.33333333333e-05,0.0,0.0
NGQFQVWIPGAAK,13,1632,2.0,0,0.0,30000.0,0.0,0.0,3.33333333333e-05,0.0,0.0
NGQFQVWIPGACK,13,1664,1.0,0,0.0,30000.0,0.0,0.0,3.33333333333e-05,0.0,0.0
NGQFQVWIPGADK,13,1676,3.0,0,0.0,30000.0,0.0,0.0,3.33333333333e-05,0.0,0.0
NGQFQVWIPGAEK,13,1689,3.0,0,0.0,30000.0,0.0,0.0,3.33333333333e-05,0.0,0.0
NGQFQVWIPGAFK,13,1708,2.0,0,0.0,30000.0,0.0,0.0,3.33333333333e-05,0.0,0.0
NGQFQVWIPGAGK,13,1618,3.0,0,0.0,30000.0,0.0,0.0,3.33333333333e-05,0.0,0.0
NGQFQVWIPGAHK,13,1698,2.0,0,0.0,30000.0,0.0,0.0,3.33333333333e-05,0.0,0.0
NGQFQVWIPGAIK,13,1674,3.0,0,0.0,30000.0,0.0,0.0,3.33333333333e-05,0.0,0.0
NGQFQVWIPGAKK,13,1689,1.0,0,0.0,30000.0,0.0,0.0,3.33333333333e-05,0.0,0.0
NGQFQVWIPGALK,13,1674,4.0,0,0.0,30000.0,0.0,0.0,3.33333333333e-05,0.0,0.0
NGQFQVWIPGAMK,13,1692,2.0,0,0.0,30000.0,0.0,0.0,3.33333333333e-05,0.0,0.0
NGQFQVWIPGANK,13,1675,2.0,0,0.0,30000.0,0.0,0.0,3.33333333333e-05,0.0,0.0
NGQFQVWIPGAPK,13,1658,1.0,0,0.0,30000.0,0.0,0.0,3.33333333333e-05,0.0,0.0
NGQFQVWIPGAQA,13,1633,4.0,0,0.0,30000.0,0.0,0.0,3.33333333333e-05,0.0,0.0
NGQFQVWIPGAQC,13,1665,2.0,0,0.0,30000.0,0.0,0.0,3.33333333333e-05,0.0,0.0
NGQFQVWIPGAQD,13,1677,3.0,0,0.0,30000.0,0.0,0.0,3.33333333333e-05,0.0,0.0
NGQFQVWIPGAQE,13,1690,3.0,0,0.0,30000.0,0.0,0.0,3.33333333333e-05,0.0,0.0
NGQFQVWIPGAQF,13,1709,4.0,0,0.0,30000.0,0.0,0.0,3.33333333333e-05,0.0,0.0
NGQFQVWIPGAQG,13,1619,2.0,0,0.0,30000.0,0.0,0.0,3.33333333333e-05,0.0,0.0
NGQFQVWIPGAQH,13,1699,3.0,0,0.0,30000.0,0.0,0.0,3.33333333333e-05,0.0,0.0
NGQFQVWIPGAQI,13,1675,3.0,0,0.0,30000.0,0.0,0.0,3.33333333333e-05,0.0,0.0
NGQFQVWIPGAQK,13,1690,39.0,0,0.0,30000.0,0.0,0.0,3.33333333333e-05,0.0,0.0
NGQFQVWIPGAQL,13,1675,4.0,0,0.0,30000.0,0.0,0.0,3.33333333333e-05,0.0,0.0
NGQFQVWIPGAQM,13,1693,4.0,0,0.0,30000.0,0.0,0.0,3.33333333333e-05,0.0,0.0
NGQFQVWIPGAQN,13,1676,3.0,0,0.0,30000.0,0.0,0.0,3.33333333333e-05,0.0,0.0
NGQFQVWIPGAQP,13,1659,4.0,0,0.0,30000.0,0.0,0.0,3.33333333333e-05,0.0,0.0
NGQFQVWIPGAQQ,13,1691,4.0,0,0.0,30000.0,0.0,0.0,3.33333333333e-05,0.0,0.0
NGQFQVWIPGAQR,13,1718,4.0,0,0.0,30000.0,0.0,0.0,3.33333333333e-05,0.0,0.0
NGQFQVWIPGAQS,13,1649,2.0,0,0.0,30000.0,0.0,0.0,3.33333333333e-05,0.0,0.0
NGQFQVWIPGAQT,13,1663,4.0,0,0.0,30000.0,0.0,0.0,3.33333333333e-05,0.0,0.0
NGQFQVWIPGAQV,13,1661,3.0,0,0.0,30000.0,0.0,0.0,3.33333333333e-05,0.0,0.0
NGQFQVWIPGAQW,13,1748,4.0,0,0.0,30000.0,0.0,0.0,3.33333333333e-05,0.0,0.0
NGQFQVWIPGAQY,13,1725,4.0,0,0.0,30000.0,0.0,0.0,3.33333333333e-05,0.0,0.0
NGQFQVWIPGARK,13,1717,4.0,0,0.0,30000.0,0.0,0.0,3.33333333333e-05,0.0,0.0
NGQFQVWIPGASK,13,1648,4.0,1,0.25,22514.625,14970.75,7485.375,0.0042985042735,0.00853034188033,0.00426517094017
NGQFQVWIPGATK,13,1662,3.0,0,0.0,30000.0,0.0,0.0,3.33333333333e-05,0.0,0.0
NGQFQVWIPGAVK,13,1660,4.0,0,0.0,30000.0,0.0,0.0,3.33333333333e-05,0.0,0.0
NGQFQVWIPGAWK,13,1747,3.0,0,0.0,30000.0,0.0,0.0,3.33333333333e-05,0.0,0.0
NGQFQVWIPGAYK,13,1724,4.0,0,0.0,30000.0,0.0,0.0,3.33333333333e-05,0.0,0.0
NGQFQVWIPGCQK,13,1722,3.0,0,0.0,30000.0,0.0,0.0,3.33333333333e-05,0.0,0.0
NGQFQVWIPGDQK,13,1734,3.0,0,0.0,30000.0,0.0,0.0,3.33333333333e-05,0.0,0.0
NGQFQVWIPGEQK,13,1747,4.0,0,0.0,30000.0,0.0,0.0,3.33333333333e-05,0.0,0.0
NGQFQVWIPGFQK,13,1766,3.0,0,0.0,30000.0,0.0,0.0,3.33333333333e-05,0.0,0.0
NGQFQVWIPGGQK,13,1676,4.0,0,0.0,30000.0,0.0,0.0,3.33333333333e-05,0.0,0.0
NGQFQVWIPGHQK,13,1756,3.0,0,0.0,30000.0,0.0,0.0,3.33333333333e-05,0.0,0.0
NGQFQVWIPGIQK,13,1732,4.0,0,0.0,30000.0,0.0,0.0,3.33333333333e-05,0.0,0.0
NGQFQVWIPGKQK,13,1747,3.0,0,0.0,30000.0,0.0,0.0,3.33333333333e-05,0.0,0.0
NGQFQVWIPGLQK,13,1732,4.0,0,0.0,30000.0,0.0,0.0,3.33333333333e-05,0.0,0.0
NGQFQVWIPGMQK,13,1750,4.0,0,0.0,30000.0,0.0,0.0,3.33333333333e-05,0.0,0.0
NGQFQVWIPGNQK,13,1733,2.0,0,0.0,30000.0,0.0,0.0,3.33333333333e-05,0.0,0.0
NGQFQVWIPGPQK,13,1716,4.0,0,0.0,30000.0,0.0,0.0,3.33333333333e-05,0.0,0.0
NGQFQVWIPGQQK,13,1748,2.0,0,0.0,30000.0,0.0,0.0,3.33333333333e-05,0.0,0.0
NGQFQVWIPGRQK,13,1775,2.0,0,0.0,30000.0,0.0,0.0,3.33333333333e-05,0.0,0.0
NGQFQVWIPGSQK,13,1706,4.0,0,0.0,30000.0,0.0,0.0,3.33333333333e-05,0.0,0.0
NGQFQVWIPGTQK,13,1720,1.0,0,0.0,30000.0,0.0,0.0,3.33333333333e-05,0.0,0.0
NGQFQVWIPGVQK,13,1718,3.0,0,0.0,30000.0,0.0,0.0,3.33333333333e-05,0.0,0.0
NGQFQVWIPGWQK,13,1805,4.0,1,0.25,22505.325,14989.35,7494.675,0.0117620892019,0.0234575117371,0.0117287558685
NGQFQVWIPGYQK,13,1782,1.0,0,0.0,30000.0,0.0,0.0,3.33333333333e-05,0.0,0.0
NGQFQVWIPHAQK,13,1770,2.0,0,0.0,30000.0,0.0,0.0,3.33333333333e-05,0.0,0.0
NGQFQVWIPIAQK,13,1746,4.0,0,0.0,30000.0,0.0,0.0,3.33333333333e-05,0.0,0.0
NGQFQVWIPKAQK,13,1761,3.0,0,0.0,30000.0,0.0,0.0,3.33333333333e-05,0.0,0.0
NGQFQVWIPLAQK,13,1746,4.0,0,0.0,30000.0,0.0,0.0,3.33333333333e-05,0.0,0.0
NGQFQVWIPMAQK,13,1764,2.0,0,0.0,30000.0,0.0,0.0,3.33333333333e-05,0.0,0.0
NGQFQVWIPNAQK,13,1747,3.0,1,0.333333333333,20078.0,17185.4081127,9922.0,0.00144672364672,0.00244806383372,0.00141339031339
NGQFQVWIPPAQK,13,1730,2.0,0,0.0,30000.0,0.0,0.0,3.33333333333e-05,0.0,0.0
NGQFQVWIPQAQK,13,1762,1.0,0,0.0,30000.0,0.0,0.0,3.33333333333e-05,0.0,0.0
NGQFQVWIPRAQK,13,1789,3.0,0,0.0,30000.0,0.0,0.0,3.33333333333e-05,0.0,0.0
NGQFQVWIPSAQK,13,1720,3.0,0,0.0,30000.0,0.0,0.0,3.33333333333e-05,0.0,0.0
NGQFQVWIPTAQK,13,1734,4.0,0,0.0,30000.0,0.0,0.0,3.33333333333e-05,0.0,0.0
NGQFQVWIPVAQK,13,1732,4.0,0,0.0,30000.0,0.0,0.0,3.33333333333e-05,0.0,0.0
NGQFQVWIPWAQK,13,1819,3.0,0,0.0,30000.0,0.0,0.0,3.33333333333e-05,0.0,0.0
NGQFQVWIPYAQK,13,1796,4.0,0,0.0,30000.0,0.0,0.0,3.33333333333e-05,0.0,0.0
NGQFQVWIQGAQK,13,1722,3.0,0,0.0,30000.0,0.0,0.0,3.33333333333e-05,0.0,0.0
NGQFQVWIRGAQK,13,1749,3.0,0,0.0,30000.0,0.0,0.0,3.33333333333e-05,0.0,0.0
NGQFQVWISGAQK,13,1680,2.0,0,0.0,30000.0,0.0,0.0,3.33333333333e-05,0.0,0.0
NGQFQVWITGAQK,13,1694,3.0,0,0.0,30000.0,0.0,0.0,3.33333333333e-05,0.0,0.0
NGQFQVWIVGAQK,13,1692,1.0,1,1.0,1.36,0.0,0.0,0.735294117647,0.0,0.0
NGQFQVWIWGAQK,13,1779,3.0,0,0.0,30000.0,0.0,0.0,3.33333333333e-05,0.0,0.0
NGQFQVWIYGAQK,13,1756,2.0,0,0.0,30000.0,0.0,0.0,3.33333333333e-05,0.0,0.0
NGQFQVWKPGAQK,13,1705,2.0,0,0.0,30000.0,0.0,0.0,3.33333333333e-05,0.0,0.0
NGQFQVWLPGAQK,13,1690,3.0,1,0.333333333333,20383.3333333,16656.5552661,9616.66666667,0.000312077294686,0.000482798703366,0.000278743961353
NGQFQVWMPGAQK,13,1708,4.0,0,0.0,30000.0,0.0,0.0,3.33333333333e-05,0.0,0.0
NGQFQVWNPGAQK,13,1691,4.0,0,0.0,30000.0,0.0,0.0,3.33333333333e-05,0.0,0.0
NGQFQVWPPGAQK,13,1674,4.0,0,0.0,30000.0,0.0,0.0,3.33333333333e-05,0.0,0.0
NGQFQVWQPGAQK,13,1706,2.0,0,0.0,30000.0,0.0,0.0,3.33333333333e-05,0.0,0.0
NGQFQVWRPGAQK,13,1733,4.0,0,0.0,30000.0,0.0,0.0,3.33333333333e-05,0.0,0.0
NGQFQVWSPGAQK,13,1664,4.0,0,0.0,30000.0,0.0,0.0,3.33333333333e-05,0.0,0.0
NGQFQVWTPGAQK,13,1678,3.0,0,0.0,30000.0,0.0,0.0,3.33333333333e-05,0.0,0.0
NGQFQVWVPGAQK,13,1676,4.0,0,0.0,30000.0,0.0,0.0,3.33333333333e-05,0.0,0.0
NGQFQVWWPGAQK,13,1763,4.0,1,0.25,22510.9,14978.2,7489.1,0.00575894495412,0.0114512232416,0.00572561162079
NGQFQVWYPGAQK,13,1740,4.0,0,0.0,30000.0,0.0,0.0,3.33333333333e-05,0.0,0.0
NGQFQVYIPGAQK,13,1667,2.0,0,0.0,30000.0,0.0,0.0,3.33333333333e-05,0.0,0.0
NGQFQWWIPGAQK,13,1777,4.0,0,0.0,30000.0,0.0,0.0,3.33333333333e-05,0.0,0.0
NGQFQYWIPGAQK,13,1754,4.0,0,0.0,30000.0,0.0,0.0,3.33333333333e-05,0.0,0.0
NGQFRVWIPGAQK,13,1717,3.0,1,0.333333333333,20000.0208333,17320.4719913,9999.97916667,5.33335555556,9.23758506203,5.33332222222
NGQFSVWIPGAQK,13,1648,4.0,0,0.0,30000.0,0.0,0.0,3.33333333333e-05,0.0,0.0
NGQFTVWIPGAQK,13,1662,3.0,0,0.0,30000.0,0.0,0.0,3.33333333333e-05,0.0,0.0
NGQFVVWIPGAQK,13,1660,1.0,0,0.0,30000.0,0.0,0.0,3.33333333333e-05,0.0,0.0
NGQFWVWIPGAQK,13,1747,4.0,0,0.0,30000.0,0.0,0.0,3.33333333333e-05,0.0,0.0
NGQFYVWIPGAQK,13,1724,2.0,0,0.0,30000.0,0.0,0.0,3.33333333333e-05,0.0,0.0
NGQGQVWIPGAQK,13,1600,4.0,0,0.0,30000.0,0.0,0.0,3.33333333333e-05,0.0,0.0
NGQHQVWIPGAQK,13,1680,3.0,0,0.0,30000.0,0.0,0.0,3.33333333333e-05,0.0,0.0
NGQIQVWIPGAQK,13,1656,1.0,0,0.0,30000.0,0.0,0.0,3.33333333333e-05,0.0,0.0
NGQKQVWIPGAQK,13,1671,3.0,0,0.0,30000.0,0.0,0.0,3.33333333333e-05,0.0,0.0
NGQLQVWIPGAQK,13,1656,3.0,0,0.0,30000.0,0.0,0.0,3.33333333333e-05,0.0,0.0
NGQMQVWIPGAQK,13,1674,3.0,0,0.0,30000.0,0.0,0.0,3.33333333333e-05,0.0,0.0
NGQNQVWIPGAQK,13,1657,1.0,0,0.0,30000.0,0.0,0.0,3.33333333333e-05,0.0,0.0
NGQPQVWIPGAQK,13,1640,2.0,0,0.0,30000.0,0.0,0.0,3.33333333333e-05,0.0,0.0
NGQQQVWIPGAQK,13,1672,4.0,0,0.0,30000.0,0.0,0.0,3.33333333333e-05,0.0,0.0
NGQRQVWIPGAQK,13,1699,3.0,0,0.0,30000.0,0.0,0.0,3.33333333333e-05,0.0,0.0
NGQSQVWIPGAQK,13,1630,2.0,0,0.0,30000.0,0.0,0.0,3.33333333333e-05,0.0,0.0
NGQTQVWIPGAQK,13,1644,3.0,0,0.0,30000.0,0.0,0.0,3.33333333333e-05,0.0,0.0
NGQVQVWIPGAQK,13,1642,3.0,0,0.0,30000.0,0.0,0.0,3.33333333333e-05,0.0,0.0
NGQWQVWIPGAQK,13,1729,4.0,0,0.0,30000.0,0.0,0.0,3.33333333333e-05,0.0,0.0
NGQYQVWIPGAQK,13,1706,4.0,0,0.0,30000.0,0.0,0.0,3.33333333333e-05,0.0,0.0
NGRFQVWIPGAQK,13,1717,3.0,0,0.0,30000.0,0.0,0.0,3.33333333333e-05,0.0,0.0
NGSFQVWIPGAQK,13,1648,3.0,0,0.0,30000.0,0.0,0.0,3.33333333333e-05,0.0,0.0
NGTFQVWIPGAQK,13,1662,3.0,0,0.0,30000.0,0.0,0.0,3.33333333333e-05,0.0,0.0
NGVFQVWIPGAQK,13,1660,2.0,0,0.0,30000.0,0.0,0.0,3.33333333333e-05,0.0,0.0
NGWFQVWIPGAQK,13,1747,1.0,0,0.0,30000.0,0.0,0.0,3.33333333333e-05,0.0,0.0
NGYFQVWIPGAQK,13,1724,4.0,0,0.0,30000.0,0.0,0.0,3.33333333333e-05,0.0,0.0
NHQFQVWIPGAQK,13,1770,3.0,0,0.0,30000.0,0.0,0.0,3.33333333333e-05,0.0,0.0
NIQFQVWIPGAQK,13,1746,3.0,0,0.0,30000.0,0.0,0.0,3.33333333333e-05,0.0,0.0
NKQFQVWIPGAQK,13,1761,2.0,0,0.0,30000.0,0.0,0.0,3.33333333333e-05,0.0,0.0
NLQFQVWIPGAQK,13,1746,4.0,0,0.0,30000.0,0.0,0.0,3.33333333333e-05,0.0,0.0
NMQFQVWIPGAQK,13,1764,3.0,0,0.0,30000.0,0.0,0.0,3.33333333333e-05,0.0,0.0
NNQFQVWIPGAQK,13,1747,4.0,0,0.0,30000.0,0.0,0.0,3.33333333333e-05,0.0,0.0
NPQFQVWIPGAQK,13,1730,3.0,0,0.0,30000.0,0.0,0.0,3.33333333333e-05,0.0,0.0
NQQFQVWIPGAQK,13,1762,2.0,0,0.0,30000.0,0.0,0.0,3.33333333333e-05,0.0,0.0
NRQFQVWIPGAQK,13,1789,4.0,0,0.0,30000.0,0.0,0.0,3.33333333333e-05,0.0,0.0
NSQFQVWIPGAQK,13,1720,3.0,1,0.333333333333,20000.0876667,17320.3562326,9999.91233333,1.26744934516,2.19522892681,1.26741601183
NTQFQVWIPGAQK,13,1734,3.0,0,0.0,30000.0,0.0,0.0,3.33333333333e-05,0.0,0.0
NVQFQVWIPGAQK,13,1732,3.0,0,0.0,30000.0,0.0,0.0,3.33333333333e-05,0.0,0.0
NWQFQVWIPGAQK,13,1819,1.0,0,0.0,30000.0,0.0,0.0,3.33333333333e-05,0.0,0.0
PGQFQVWIPGAQK,13,1673,4.0,0,0.0,30000.0,0.0,0.0,3.33333333333e-05,0.0,0.0
QGQFQVWIPGAQK,13,1705,2.0,0,0.0,30000.0,0.0,0.0,3.33333333333e-05,0.0,0.0
RGQFQVWIPGAQK,13,1732,4.0,0,0.0,30000.0,0.0,0.0,3.33333333333e-05,0.0,0.0
SGQFQVWIPGAQK,13,1663,3.0,0,0.0,30000.0,0.0,0.0,3.33333333333e-05,0.0,0.0
TGQFQVWIPGAQK,13,1677,2.0,0,0.0,30000.0,0.0,0.0,3.33333333333e-05,0.0,0.0
VGQFQVWIPGAQK,13,1675,4.0,1,0.25,25075.0,9850.0,4925.0,4.92718446602e-05,3.18770226538e-05,1.59385113269e-05
WGQFQVWIPGAQK,13,1762,3.0,0,0.0,30000.0,0.0,0.0,3.33333333333e-05,0.0,0.0
YGQFQVWIPGAQK,13,1739,3.0,0,0.0,30000.0,0.0,0.0,3.33333333333e-05,0.0,0.0
