Peptide,Peptide Length,Peptide Weight,Number of Spots,Kd Best,Kd,Kd Err,Scale Max,Assoc SNR Max,Assoc Signal Max,Upper Bound Kd,Reaction,Kd Final,Kd Final Lower,Kd Final Upper,Kd Filtered,Kd Filtered Err,Lower Bound Kd,Ka Filtered,Ka Filtered Err
ATHPQFAT,8,998,3,6.603,6.603,1.87,0.0009823,5.865785,0.001085170225,False,True,6.603,4.733,8.473,6.603,1.87,False,0.151446312282,0.0428902928923
CTHPQFAT,8,1030,3,13.33,13.33,3.647,0.0009662,6.570487,0.00105127792,False,True,13.33,9.683,16.977,13.33,3.647,False,0.0750187546887,0.0205246360352
DTHPQFAT,8,1042,2,4.131,4.131,1.547,0.001098,6.878876,0.001325132417,False,True,4.131,2.584,5.678,4.131,1.547,False,0.242072137497,0.0906525288569
ETHPQFAT,8,1055,2,3.669,3.669,1.531,0.001172,4.340134,0.001045972294,False,True,3.669,2.138,5.2,3.669,1.531,False,0.272553829381,0.113731238153
FTHPQFAT,8,1074,2,1.286,1.286,0.7046,0.001123,7.917861,0.001298529204,False,True,1.286,0.5814,1.9906,1.286,0.7046,False,0.777604976672,0.42605012952
GTHPQFAT,8,984,2,12.21,12.21,3.446,0.001161,5.060914,0.001244200902,False,True,12.21,8.764,15.656,12.21,3.446,False,0.0819000819001,0.0231144702889
HTHPQFAT,8,1064,3,10.09,10.09,2.033,0.001443,5.143792,0.0015977221,False,True,10.09,8.057,12.123,10.09,2.033,False,0.0991080277502,0.0199689415675
ITHPQFAT,8,1040,3,7.601,7.601,2.1,0.001194,6.437311,0.001216651779,False,True,7.601,5.501,9.701,7.601,2.1,False,0.131561636627,0.036347774887
KTHPQFAT,8,1055,1,28.52,28.52,19.04,0.000671,3.001415,0.0007203396,False,True,28.52,9.48,47.56,28.52,19.04,False,0.0350631136045,0.0234081936546
LQHPQAGK,8,1005,3,4.904,4.904,3.598,0.0006811,3.91274,0.000727236609,False,True,4.904,1.306,8.502,4.904,3.598,False,0.203915171289,0.1496098667
LQWHPAGK,8,1062,3,1.81,1.81,575.9,0.0003197,0.094483,2.5415927e-05,False,False,1.81,-574.09,577.71,30000.0,0.0,True,3.33333333333e-05,0.0
LQWHPQAG,8,1063,4,16.51,16.51,2.672,0.001519,10.942012,0.001772605944,False,True,16.51,13.838,19.182,16.51,2.672,False,0.0605693519079,0.00980262315554
LQWHPQAK,8,1134,4,24.01,24.01,7.382,0.001045,5.985043,0.000963591923,False,True,24.01,16.628,31.392,24.01,7.382,False,0.0416493127863,0.0128052989166
LQWHPQGK,8,1120,3,28.12,28.12,7.553,0.001013,6.638298,0.001115234064,False,True,28.12,20.567,35.673,28.12,7.553,False,0.0355618776671,0.00955187987269
LQWHQAGK,8,1094,2,470.9,470.9,597.6,0.0002248,1.025569,0.000220497335,False,False,470.9,-126.7,1068.5,30000.0,0.0,True,3.33333333333e-05,0.0
LQWPQAGK,8,1054,2,115.7,115.7,400.1,-8.484e-05,0.46543,0.00011682293,False,False,115.7,-284.4,515.8,30000.0,0.0,True,3.33333333333e-05,0.0
LTHPQFAT,8,1040,4,13.67,13.67,2.752,0.001128,6.874206,0.001319847552,False,True,13.67,10.918,16.422,13.67,2.752,False,0.0731528895391,0.0147269021223
LWHPQAGK,8,1062,2,22.76,22.76,7.653,0.0008224,3.17634,0.00083855376,False,True,22.76,15.107,30.413,22.76,7.653,False,0.0439367311072,0.014773629313
MTHPQFAT,8,1058,4,17.96,17.96,3.6,0.001184,7.669398,0.001211764884,False,True,17.96,14.36,21.56,17.96,3.6,False,0.0556792873051,0.0111606589253
NTHPQFAT,8,1041,2,6.635,6.635,2.321,0.001107,4.526487,0.00113162175,False,True,6.635,4.314,8.956,6.635,2.321,False,0.150715900528,0.0527221710813
PTHPQFAT,8,1024,4,13.34,13.34,2.696,0.001373,7.210123,0.001377133493,False,True,13.34,10.644,16.036,13.34,2.696,False,0.0749625187406,0.0151498463662
QTHPQFAT,8,1056,4,6.795,6.795,1.696,0.001244,6.310481,0.001180059947,False,True,6.795,5.099,8.491,6.795,1.696,False,0.147167034584,0.0367321987719
QWHPQAGK,8,1078,4,14.85,14.85,3.274,0.001069,5.351788,0.001055727324,False,True,14.85,11.576,18.124,14.85,3.274,False,0.0673400673401,0.0148465576075
RTHPQFAT,8,1083,3,14.96,14.96,3.296,0.00119,7.323269,0.001384097841,False,True,14.96,11.664,18.256,14.96,3.296,False,0.0668449197861,0.0147273299208
STHPQFAT,8,1014,2,21.87,21.87,5.565,0.001223,5.69589,0.00125879169,False,True,21.87,16.305,27.435,21.87,5.565,False,0.0457247370828,0.0116350325499
TTHPQFAT,8,1028,4,16.31,16.31,3.758,0.001165,11.180537,0.001207497996,False,True,16.31,12.552,20.068,16.31,3.758,False,0.0613120784795,0.0141269644958
VTHPQFAT,8,1026,4,1.468,1.468,0.5735,0.001251,7.308883,0.001334020753,False,True,1.468,0.8945,2.0415,1.468,0.5735,False,0.681198910082,0.266122326248
WAHPQFAT,8,1083,2,10.76,10.76,4.15,0.001007,6.889717,0.001150582739,False,True,10.76,6.61,14.91,10.76,4.15,False,0.092936802974,0.0358445847901
WCHPQFAT,8,1115,4,3.322,3.322,1.512,0.001132,6.865459,0.001246962507,False,True,3.322,1.81,4.834,3.322,1.512,False,0.301023479831,0.13701008474
WDHPQFAT,8,1127,3,3.665,3.665,0.9413,0.001294,7.775408,0.001468659296,False,True,3.665,2.7237,4.6063,3.665,0.9413,False,0.272851296044,0.0700777421462
WEHPQFAT,8,1140,3,8.458,8.458,2.0,0.001395,10.640315,0.001521287687,False,True,8.458,6.458,10.458,8.458,2.0,False,0.118231260345,0.0279572618456
WFHPQFAT,8,1159,3,14.43,14.43,5.868,0.0006215,4.457154,0.000967202418,False,True,14.43,8.562,20.298,14.43,5.868,False,0.0693000693001,0.0281810676821
WGHPQFAT,8,1069,3,8.149,8.149,3.293,0.0009898,6.236197,0.001172405036,False,True,8.149,4.856,11.442,8.149,3.293,False,0.12271444349,0.049588742473
WHHPQFAT,8,1149,3,2.568,2.568,1.193,0.001021,6.742702,0.001141323296,False,True,2.568,1.375,3.761,2.568,1.193,False,0.389408099688,0.180904931047
WIHPQFAT,8,1125,2,6.099,6.099,2.557,0.0009565,7.021884,0.00129904854,False,True,6.099,3.542,8.656,6.099,2.557,False,0.163961305132,0.0687406225976
WKHPQFAT,8,1140,3,21.65,21.65,5.135,0.0009841,6.982199,0.00118531749,False,True,21.65,16.515,26.785,21.65,5.135,False,0.0461893764434,0.0109553093782
WLHPQFAT,8,1125,3,10.75,10.75,2.801,0.001192,6.074226,0.001469962692,False,True,10.75,7.949,13.551,10.75,2.801,False,0.093023255814,0.0242379664684
WMHPQFAT,8,1143,4,7.599,7.599,1.591,0.001299,13.203509,0.001399571954,False,True,7.599,6.008,9.19,7.599,1.591,False,0.131596262666,0.0275522639692
WNHPQFAT,8,1126,3,8.626,8.626,2.242,0.0009505,8.554948,0.001129253136,False,True,8.626,6.384,10.868,8.626,2.242,False,0.11592858799,0.0301312189048
WPHPQFAT,8,1109,3,3.758,3.758,1.096,0.001349,8.713843,0.001408101916,False,True,3.758,2.662,4.854,3.758,1.096,False,0.266098988824,0.077606304351
WQHPQFAT,8,1141,3,3.975,3.975,1.205,0.001434,8.302066,0.001680609384,False,True,3.975,2.77,5.18,3.975,1.205,False,0.251572327044,0.0762628060599
WRHPQFAT,8,1168,2,21.49,21.49,4.979,0.001264,5.812181,0.001296116363,False,True,21.49,16.511,26.469,21.49,4.979,False,0.046533271289,0.0107812544322
WSHPQFAT,8,1099,4,12.03,12.03,2.722,0.001261,6.947777,0.001189799172,False,True,12.03,9.308,14.752,12.03,2.722,False,0.0831255195345,0.0188086171382
WTAPQFAT,8,1047,3,0.9324,0.9324,1514.0,0.000234,1.542715,0.000165070505,False,False,0.9324,-1513.0676,1514.9324,30000.0,0.0,True,3.33333333333e-05,0.0
WTCPQFAT,8,1079,4,1.684,1.684,944.8,0.001456,1.508374,0.000244356588,False,False,1.684,-943.116,946.484,30000.0,0.0,True,3.33333333333e-05,0.0
WTDPQFAT,8,1091,4,0.0136,0.0136,31.57,7.573e-05,-0.22081,-4.813658e-05,False,False,0.0136,-31.5564,31.5836,30000.0,0.0,True,3.33333333333e-05,0.0
WTEPQFAT,8,1104,3,0.6666,0.6666,232.1,-7.971e-06,-0.367182,-5.7647574e-05,False,False,0.6666,-231.4334,232.7666,30000.0,0.0,True,3.33333333333e-05,0.0
WTFPQFAT,8,1123,4,0.5177,0.5177,98.67,1.75e-05,-0.043198,-8.250818e-06,False,False,0.5177,-98.1523,99.1877,30000.0,0.0,True,3.33333333333e-05,0.0
WTGPQFAT,8,1033,4,19.48,19.48,32.68,0.000121,1.436479,0.000264312136,False,False,19.48,-13.2,52.16,30000.0,0.0,True,3.33333333333e-05,0.0
WTHAQFAT,8,1087,4,49.62,49.62,247.9,0.0003314,0.505016,0.000139384416,False,False,49.62,-198.28,297.52,30000.0,0.0,True,3.33333333333e-05,0.0
WTHCQFAT,8,1119,1,44.12,44.12,46.47,-0.0004483,-3.689955,-0.000601462665,False,False,44.12,-2.35,90.59,30000.0,0.0,True,3.33333333333e-05,0.0
WTHDQFAT,8,1131,4,236.2,2.363,178.2,0.0005759,3.02309,0.00058345637,True,True,236.2,58.0,414.4,236.2,0.0,False,0.00423370025402,0.0
WTHEQFAT,8,1144,4,0.002617,0.002617,19.88,1.613e-05,-0.37655,-6.8888624e-05,False,False,0.002617,-19.877383,19.882617,30000.0,0.0,True,3.33333333333e-05,0.0
WTHFQFAT,8,1163,2,1309.0,1309.0,24060.0,0.0001208,0.597224,8.0028016e-05,False,False,1309.0,-22751.0,25369.0,30000.0,0.0,True,3.33333333333e-05,0.0
WTHGQFAT,8,1073,3,0.01875,0.01875,16.59,5.732e-05,0.474355,9.107616e-05,False,False,0.01875,-16.57125,16.60875,30000.0,0.0,True,3.33333333333e-05,0.0
WTHHQFAT,8,1153,3,1879.0,325.2,1752.0,0.001115,0.898998,0.000267002406,False,False,1879.0,127.0,3631.0,30000.0,0.0,True,3.33333333333e-05,0.0
WTHIQFAT,8,1129,4,25.14,25.14,1182.0,0.0009849,0.879284,0.00018464964,False,False,25.14,-1156.86,1207.14,30000.0,0.0,True,3.33333333333e-05,0.0
WTHKQFAT,8,1144,3,15.21,15.21,18.3,0.0002615,1.808292,0.000394207656,False,False,15.21,-3.09,33.51,30000.0,0.0,True,3.33333333333e-05,0.0
WTHLQFAT,8,1129,3,0.2802,0.2802,9.674,3.342e-05,-0.280433,-6.6462621e-05,False,False,0.2802,-9.3938,9.9542,30000.0,0.0,True,3.33333333333e-05,0.0
WTHMQFAT,8,1147,3,864.5,864.5,3767.0,0.0002266,0.119343,1.9930281e-05,False,False,864.5,-2902.5,4631.5,30000.0,0.0,True,3.33333333333e-05,0.0
WTHNQFAT,8,1130,4,0.01684,0.01684,111.7,-3.836e-05,-0.134284,-2.3173992e-05,False,False,0.01684,-111.68316,111.71684,30000.0,0.0,True,3.33333333333e-05,0.0
WTHPAFAT,8,1055,4,1982.0,1982.0,7543.0,0.0005964,1.019452,0.000194715332,False,False,1982.0,-5561.0,9525.0,30000.0,0.0,True,3.33333333333e-05,0.0
WTHPCFAT,8,1087,4,3.875,3.875,757.9,0.0007233,0.77526,0.00012559212,False,False,3.875,-754.025,761.775,30000.0,0.0,True,3.33333333333e-05,0.0
WTHPDFAT,8,1099,3,0.4144,0.4144,682.2,0.0003222,1.122689,0.000187489063,False,False,0.4144,-681.7856,682.6144,30000.0,0.0,True,3.33333333333e-05,0.0
WTHPEFAT,8,1112,4,9.953,9.953,1748.0,0.0006053,0.897091,0.000165064744,False,False,9.953,-1738.047,1757.953,30000.0,0.0,True,3.33333333333e-05,0.0
WTHPFFAT,8,1131,4,148.0,148.0,158.8,0.000444,1.658797,0.000409722859,False,False,148.0,-10.8,306.8,30000.0,0.0,True,3.33333333333e-05,0.0
WTHPGFAT,8,1041,4,802.6,802.6,2154.0,0.0001481,-0.129874,-2.792291e-05,False,False,802.6,-1351.4,2956.6,30000.0,0.0,True,3.33333333333e-05,0.0
WTHPHFAT,8,1121,4,0.8279,0.8279,6.028,9.392e-05,1.682402,0.000230489074,False,False,0.8279,-5.2001,6.8559,30000.0,0.0,True,3.33333333333e-05,0.0
WTHPIFAT,8,1097,3,0.2641,0.2641,62.88,0.0005968,1.074768,0.00029018736,False,False,0.2641,-62.6159,63.1441,30000.0,0.0,True,3.33333333333e-05,0.0
WTHPKFAT,8,1112,3,3.262,3.262,792.0,0.0002912,0.805973,0.000173284195,False,False,3.262,-788.738,795.262,30000.0,0.0,True,3.33333333333e-05,0.0
WTHPLFAT,8,1097,3,80.93,80.93,125.3,0.0001268,0.880547,0.000214853468,False,False,80.93,-44.37,206.23,30000.0,0.0,True,3.33333333333e-05,0.0
WTHPMFAT,8,1115,4,40.11,40.11,21.35,0.0004085,2.923092,0.000634310964,False,True,40.11,18.76,61.46,40.11,21.35,False,0.024931438544,0.0132706610051
WTHPNFAT,8,1098,3,26.03,26.03,13560.0,0.001165,0.323462,6.8897406e-05,False,False,26.03,-13533.97,13586.03,30000.0,0.0,True,3.33333333333e-05,0.0
WTHPPFAT,8,1081,3,420.5,420.5,1079.0,5.734e-05,0.168727,3.6782486e-05,False,False,420.5,-658.5,1499.5,30000.0,0.0,True,3.33333333333e-05,0.0
WTHPQAAT,8,1037,2,79.26,79.26,29.99,0.0008776,3.648844,0.0010034321,False,True,79.26,49.27,109.25,79.26,29.99,False,0.0126167045168,0.00477384517358
WTHPQCAT,8,1069,3,0.02677,0.02677,15.74,-2.432e-05,0.503264,0.00010820176,False,False,0.02677,-15.71323,15.76677,30000.0,0.0,True,3.33333333333e-05,0.0
WTHPQDAT,8,1081,2,2.047,0.001116,1.431,0.0003095,1.24235,0.0002658629,False,False,2.047,0.616,3.478,30000.0,0.0,True,3.33333333333e-05,0.0
WTHPQEAT,8,1094,4,6.821,6.821,1952.0,0.0004261,0.783771,0.00014891649,False,False,6.821,-1945.179,1958.821,30000.0,0.0,True,3.33333333333e-05,0.0
WTHPQFAA,8,1083,3,17.91,17.91,3.087,0.001179,7.703673,0.001396567794,False,True,17.91,14.823,20.997,17.91,3.087,False,0.0558347292016,0.00962377493273
WTHPQFAC,8,1115,3,73.08,73.08,35.62,0.0004528,3.943097,0.00063788949,False,True,73.08,37.46,108.7,73.08,35.62,False,0.0136836343733,0.00666955468496
WTHPQFAD,8,1127,4,6.381,6.381,1.607,0.001196,6.685011,0.00120454992,False,True,6.381,4.774,7.988,6.381,1.607,False,0.156715248394,0.0394673882101
WTHPQFAE,8,1140,3,1.08,1.08,0.5188,0.001612,10.415875,0.00166654,False,True,1.08,0.5612,1.5988,1.08,0.5188,False,0.925925925926,0.444787379973
WTHPQFAF,8,1159,4,15.15,15.15,4.177,0.001044,6.841144,0.001306658504,False,True,15.15,10.973,19.327,15.15,4.177,False,0.0660066006601,0.0181986515483
WTHPQFAG,8,1069,4,11.57,11.57,2.423,0.001076,4.916376,0.001019588503,False,True,11.57,9.147,13.993,11.57,2.423,False,0.0864304235091,0.0181003384756
WTHPQFAH,8,1149,4,5.614,5.614,1.343,0.001368,9.495003,0.001576170498,False,True,5.614,4.271,6.957,5.614,1.343,False,0.178126113288,0.0426119291318
WTHPQFAI,8,1125,3,27.08,27.08,7.202,0.0008646,4.005952,0.00095954342,False,True,27.08,19.878,34.282,27.08,7.202,False,0.0369276218612,0.00982100194402
WTHPQFAK,8,1140,4,7.668,7.668,2.522,0.0009633,7.247139,0.001174036518,False,True,7.668,5.146,10.19,7.668,2.522,False,0.130412102243,0.0428924519897
WTHPQFAL,8,1125,3,13.51,13.51,5.352,0.0007787,4.951277,0.000950645184,False,True,13.51,8.158,18.862,13.51,5.352,False,0.0740192450037,0.0293227978727
WTHPQFAM,8,1143,4,25.22,25.22,4.592,0.001097,5.912208,0.001265212512,False,True,25.22,20.628,29.812,25.22,4.592,False,0.0396510705789,0.00721957637186
WTHPQFAN,8,1126,4,13.38,13.38,2.581,0.00142,8.508311,0.00143106975,False,True,13.38,10.799,15.961,13.38,2.581,False,0.0747384155456,0.0144170291871
WTHPQFAP,8,1109,4,7.249,7.249,1.741,0.001262,6.178202,0.00132831343,False,True,7.249,5.508,8.99,7.249,1.741,False,0.137950062078,0.0331316123709
WTHPQFAQ,8,1141,4,4.442,4.442,1.112,0.00145,11.282455,0.00155697879,False,True,4.442,3.33,5.554,4.442,1.112,False,0.2251238181,0.0563569756252
WTHPQFAR,8,1168,3,5.674,5.674,1.837,0.001135,4.839445,0.00128286782,False,True,5.674,3.837,7.511,5.674,1.837,False,0.176242509693,0.0570598326237
WTHPQFAS,8,1099,3,8.81,8.81,2.291,0.001151,10.030035,0.001354054725,False,True,8.81,6.519,11.101,8.81,2.291,False,0.11350737798,0.0295170718446
WTHPQFAT,8,1113,58,8.02,8.02,0.4149,0.001692,11.66644,0.001813541856,False,True,8.02,7.6051,8.4349,8.02,0.4149,False,0.124688279302,0.00645051958632
WTHPQFAV,8,1111,4,29.58,29.58,5.266,0.001368,9.179852,0.001437591408,False,True,29.58,24.314,34.846,29.58,5.266,False,0.0338066260987,0.00601844804043
WTHPQFAW,8,1198,4,34.67,34.67,9.604,0.0008537,4.390287,0.000930740844,False,True,34.67,25.066,44.274,34.67,9.604,False,0.0288433804442,0.00798995747868
WTHPQFAY,8,1175,2,14.44,14.44,5.007,0.0009878,5.650474,0.001052239008,False,True,14.44,9.433,19.447,14.44,5.007,False,0.0692520775623,0.0240128221852
WTHPQFCT,8,1145,4,16.86,16.86,5.867,0.0008721,3.680006,0.001009391376,False,True,16.86,10.993,22.727,16.86,5.867,False,0.0593119810202,0.0206395843799
WTHPQFDT,8,1157,3,3.421,3.421,0.8055,0.001359,6.35154,0.00153072114,False,True,3.421,2.6155,4.2265,3.421,0.8055,False,0.292312189418,0.0688270881545
WTHPQFET,8,1170,2,2.521,2.521,0.9467,0.001185,7.091644,0.001148846328,False,True,2.521,1.5743,3.4677,2.521,0.9467,False,0.396667988893,0.148958978614
WTHPQFFT,8,1189,1,1.44,1.44,1.407,0.0007583,3.53221,0.00068171653,False,True,1.44,0.033,2.847,1.44,1.407,False,0.694444444444,0.678530092593
WTHPQFGT,8,1099,2,7.073,7.073,2.66,0.001057,5.822031,0.00110618589,False,True,7.073,4.413,9.733,7.073,2.66,False,0.141382723031,0.0531709378288
WTHPQFHT,8,1179,2,0.38,0.000173,0.2233,0.001522,10.094397,0.001645386711,True,True,0.38,0.1567,0.6033,0.38,0.0,False,2.63157894737,0.0
WTHPQFIT,8,1155,4,7.838,7.838,3.716,0.0007546,6.131717,0.000809386644,False,True,7.838,4.122,11.554,7.838,3.716,False,0.127583567237,0.0604874375926
WTHPQFKT,8,1170,3,34.45,34.45,12.87,0.0007232,4.65169,0.00076752885,False,True,34.45,21.58,47.32,34.45,12.87,False,0.0290275761974,0.0108442643153
WTHPQFLT,8,1155,4,42.62,42.62,10.86,0.0009459,5.087717,0.000946315362,False,True,42.62,31.76,53.48,42.62,10.86,False,0.0234631628344,0.00597864731068
WTHPQFMT,8,1173,1,12.35,12.35,4.159,0.001131,6.183969,0.00117495411,False,True,12.35,8.191,16.509,12.35,4.159,False,0.080971659919,0.0272681079841
WTHPQFNT,8,1156,2,13.85,13.85,3.083,0.001309,8.044637,0.00128714192,False,True,13.85,10.767,16.933,13.85,3.083,False,0.072202166065,0.0160721500345
WTHPQFPT,8,1139,3,2.602,2.602,0.9235,0.001155,6.680941,0.001483168902,False,True,2.602,1.6785,3.5255,2.602,0.9235,False,0.384319754035,0.136402495331
WTHPQFQT,8,1171,4,6.706,6.706,1.224,0.001564,8.696633,0.001687146802,False,True,6.706,5.482,7.93,6.706,1.224,False,0.149120190874,0.0272178815433
WTHPQFRT,8,1198,3,35.41,35.41,11.28,0.0008505,5.433191,0.00084823327,False,True,35.41,24.13,46.69,35.41,11.28,False,0.0282406099972,0.00899616155798
WTHPQFST,8,1129,4,7.687,7.687,1.84,0.001191,9.101906,0.001222039174,False,True,7.687,5.847,9.527,7.687,1.84,False,0.130089761936,0.0311389569353
WTHPQFTT,8,1143,3,17.43,17.43,4.923,0.0009564,4.55499,0.001068345231,False,True,17.43,12.507,22.353,17.43,4.923,False,0.057372346529,0.0162044785979
WTHPQFVT,8,1141,4,9.979,9.979,4.159,0.0008237,4.752997,0.000827588076,False,True,9.979,5.82,14.138,9.979,4.159,False,0.100210441928,0.0417652297804
WTHPQFWT,8,1228,3,24.25,24.25,4.891,0.001218,7.887977,0.00149871563,False,True,24.25,19.359,29.141,24.25,4.891,False,0.0412371134021,0.0083171431608
WTHPQFYT,8,1205,3,22.95,22.95,5.34,0.001144,9.810087,0.00107403652,False,True,22.95,17.61,28.29,22.95,5.34,False,0.0435729847495,0.0101385506999
WTHPQGAT,8,1023,4,39.31,39.31,10.95,0.0007547,4.908124,0.000822804243,False,True,39.31,28.36,50.26,39.31,10.95,False,0.0254388196388,0.00708611231352
WTHPQHAT,8,1103,4,4.108,4.108,3.892,0.0004656,1.658036,0.000441037576,False,False,4.108,0.216,8.0,30000.0,0.0,True,3.33333333333e-05,0.0
WTHPQIAT,8,1079,3,0.06431,0.0004945,0.3946,0.000145,0.857638,0.00016723941,False,False,0.06431,-0.33029,0.45891,30000.0,0.0,True,3.33333333333e-05,0.0
WTHPQKAT,8,1094,2,100.5,100.5,113.3,0.0003297,2.441405,0.00040039042,False,True,100.5,-12.8,213.8,100.5,113.3,False,0.00995024875622,0.0112175441202
WTHPQLAT,8,1079,4,184.8,184.8,704.8,0.000231,0.767233,0.000181834221,False,False,184.8,-520.0,889.6,30000.0,0.0,True,3.33333333333e-05,0.0
WTHPQMAT,8,1097,4,90.04,90.04,133.4,0.0002799,1.57435,0.00034163395,False,False,90.04,-43.36,223.44,30000.0,0.0,True,3.33333333333e-05,0.0
WTHPQNAT,8,1080,1,15.93,15.93,4.876,0.001293,9.042329,0.001464857298,False,True,15.93,11.054,20.806,15.93,4.876,False,0.0627746390458,0.0192146352786
WTHPQPAT,8,1063,3,271.4,271.4,332.1,-0.0001187,-0.403952,-8.5637824e-05,False,False,271.4,-60.7,603.5,30000.0,0.0,True,3.33333333333e-05,0.0
WTHPQQAT,8,1095,2,381.2,381.2,6471.0,5.959e-05,0.342221,7.5973062e-05,False,False,381.2,-6089.8,6852.2,30000.0,0.0,True,3.33333333333e-05,0.0
WTHPQRAT,8,1122,4,20.47,0.214,43.87,0.0002251,0.742401,0.00017219557,False,False,20.47,-23.4,64.34,30000.0,0.0,True,3.33333333333e-05,0.0
WTHPQSAT,8,1053,2,1002.0,1002.0,1192.0,0.0002732,1.222082,0.000257859302,False,False,1002.0,-190.0,2194.0,30000.0,0.0,True,3.33333333333e-05,0.0
WTHPQTAT,8,1067,3,0.5425,0.004111,0.7539,0.0002316,1.105884,8.847072e-05,False,False,0.5425,-0.2114,1.2964,30000.0,0.0,True,3.33333333333e-05,0.0
WTHPQVAT,8,1065,3,35.04,35.04,9.968,0.000855,4.861197,0.000889599051,False,True,35.04,25.072,45.008,35.04,9.968,False,0.0285388127854,0.00811857550927
WTHPQWAT,8,1152,3,247.3,247.3,235.4,0.0002842,2.364493,0.000380683373,False,True,247.3,11.9,482.7,247.3,235.4,False,0.00404367165386,0.00384909141658
WTHPQYAT,8,1129,4,10.39,7.34,8.122,0.0003328,2.587118,0.000416525998,True,True,10.39,2.268,18.512,10.39,0.0,False,0.0962463907603,0.0
WTHPRFAT,8,1140,3,1.525,1.525,974.4,0.0001973,1.008053,0.000275198469,False,False,1.525,-972.875,975.925,30000.0,0.0,True,3.33333333333e-05,0.0
WTHPSFAT,8,1071,2,0.7888,0.7888,541.0,-0.0001632,0.224119,4.8185585e-05,False,False,0.7888,-540.2112,541.7888,30000.0,0.0,True,3.33333333333e-05,0.0
WTHPTFAT,8,1085,2,3.121,3.121,507.5,0.0005767,1.022766,0.000275124054,False,False,3.121,-504.379,510.621,30000.0,0.0,True,3.33333333333e-05,0.0
WTHPVFAT,8,1083,3,42.06,42.06,1918.0,0.0007589,0.018812,4.966368e-06,False,False,42.06,-1875.94,1960.06,30000.0,0.0,True,3.33333333333e-05,0.0
WTHPWFAT,8,1170,3,57.27,0.1661,40.84,0.0003516,0.852818,0.000181876149,False,False,57.27,16.43,98.11,30000.0,0.0,True,3.33333333333e-05,0.0
WTHPYFAT,8,1147,3,0.5154,0.5154,226.4,5.501e-05,0.75877,0.00014113122,False,False,0.5154,-225.8846,226.9154,30000.0,0.0,True,3.33333333333e-05,0.0
WTHQQFAT,8,1145,4,0.0339,0.0339,29.08,6.443e-05,-0.690641,-9.9468216e-05,False,False,0.0339,-29.0461,29.1139,30000.0,0.0,True,3.33333333333e-05,0.0
WTHRQFAT,8,1172,3,166.0,166.0,511.4,0.0002961,0.924236,0.000196862268,False,False,166.0,-345.4,677.4,30000.0,0.0,True,3.33333333333e-05,0.0
WTHSQFAT,8,1103,2,1.138,0.001156,0.6846,0.0003002,2.167346,0.000348942706,True,True,1.138,0.4534,1.8226,1.138,0.0,False,0.878734622144,0.0
WTHTQFAT,8,1117,3,1.571e-05,1.571e-05,0.02663,0.000221,0.764047,0.000121483473,False,False,1.571e-05,-0.02661429,0.02664571,30000.0,0.0,True,3.33333333333e-05,0.0
WTHVQFAT,8,1115,3,0.2459,0.2459,129.4,-3.621e-06,0.810984,0.000152464992,False,False,0.2459,-129.1541,129.6459,30000.0,0.0,True,3.33333333333e-05,0.0
WTHWQFAT,8,1202,3,430.8,430.8,1190.0,0.0001994,0.250738,4.638653e-05,False,False,430.8,-759.2,1620.8,30000.0,0.0,True,3.33333333333e-05,0.0
WTHYQFAT,8,1179,2,671.9,6.454,1580.0,0.0006302,0.45928,7.532192e-05,False,False,671.9,-908.1,2251.9,30000.0,0.0,True,3.33333333333e-05,0.0
WTIPQFAT,8,1089,3,74.6,46.55,84.97,0.000152,0.610761,0.000131313615,False,False,74.6,-10.37,159.57,30000.0,0.0,True,3.33333333333e-05,0.0
WTKPQFAT,8,1104,4,0.0002786,0.0002786,0.4761,7.653e-05,0.328562,5.3884168e-05,False,False,0.0002786,-0.4758214,0.4763786,30000.0,0.0,True,3.33333333333e-05,0.0
WTLPQFAT,8,1089,2,404.1,404.1,1756.0,0.0006947,-0.239663,-6.4229684e-05,False,False,404.1,-1351.9,2160.1,30000.0,0.0,True,3.33333333333e-05,0.0
WTMPQFAT,8,1107,4,430.9,430.9,1158.0,8.417e-05,0.307062,7.5537252e-05,False,False,430.9,-727.1,1588.9,30000.0,0.0,True,3.33333333333e-05,0.0
WTNPQFAT,8,1090,4,0.7745,0.7745,155.8,0.0002528,1.111357,0.000175594406,False,False,0.7745,-155.0255,156.5745,30000.0,0.0,True,3.33333333333e-05,0.0
WTPPQFAT,8,1073,3,1.018,1.018,662.4,0.0003328,1.516686,0.00037158807,False,False,1.018,-661.382,663.418,30000.0,0.0,True,3.33333333333e-05,0.0
WTQPQFAT,8,1105,4,0.1303,0.1303,700.6,-2.464e-05,0.466868,0.00010271096,False,False,0.1303,-700.4697,700.7303,30000.0,0.0,True,3.33333333333e-05,0.0
WTRPQFAT,8,1132,3,0.005224,0.005224,1.656,0.0001273,0.588851,0.000157223217,False,False,0.005224,-1.650776,1.661224,30000.0,0.0,True,3.33333333333e-05,0.0
WTSPQFAT,8,1063,4,21.91,0.01073,13.84,0.0001632,0.901697,0.000194766552,False,False,21.91,8.07,35.75,30000.0,0.0,True,3.33333333333e-05,0.0
WTTPQFAT,8,1077,2,148.8,0.338,115.5,0.0001254,1.049619,0.000193129896,False,False,148.8,33.3,264.3,30000.0,0.0,True,3.33333333333e-05,0.0
WTVPQFAT,8,1075,1,7545.0,7545.0,81040.0,-0.00039,-0.502825,-8.145765e-05,False,False,7545.0,-73495.0,88585.0,30000.0,0.0,True,3.33333333333e-05,0.0
WTWPQFAT,8,1162,3,59.56,59.56,178.2,0.0001165,1.645773,0.000264969453,False,False,59.56,-118.64,237.76,30000.0,0.0,True,3.33333333333e-05,0.0
WTYPQFAT,8,1139,3,3.278,3.278,812.6,0.0003093,0.287367,6.1209171e-05,False,False,3.278,-809.322,815.878,30000.0,0.0,True,3.33333333333e-05,0.0
WVHPQFAT,8,1111,4,12.62,12.62,2.91,0.001136,5.286836,0.00114046332,False,True,12.62,9.71,15.53,12.62,2.91,False,0.0792393026941,0.0182715032361
WWHPQFAT,8,1198,3,9.385,9.385,2.778,0.001316,8.158196,0.001482101232,False,True,9.385,6.607,12.163,9.385,2.778,False,0.106553010123,0.031540145138
WYHPQFAT,8,1175,3,15.51,15.51,5.02,0.001192,7.641935,0.001444325715,False,True,15.51,10.49,20.53,15.51,5.02,False,0.0644745325596,0.0208679660509
YTHPQFAT,8,1090,4,19.91,19.91,3.004,0.001514,8.141744,0.001807467168,False,True,19.91,16.906,22.914,19.91,3.004,False,0.0502260170768,0.00757804898538
AQWHPQAGK,9,1167,2,6.231,6.231,3.138,0.0008722,7.306602,0.001190976126,False,True,6.231,3.093,9.369,6.231,3.138,False,0.160487883165,0.0808234596969
CQWHPQAGK,9,1199,4,22.64,22.64,5.098,0.00111,7.271385,0.001170692985,False,True,22.64,17.542,27.738,22.64,5.098,False,0.0441696113074,0.00994596636242
DQWHPQAGK,9,1211,4,24.4,24.4,6.34,0.0009887,6.185624,0.000989331677,False,True,24.4,18.06,30.74,24.4,6.34,False,0.0409836065574,0.0106490190809
EQWHPQAGK,9,1224,3,34.83,34.83,10.24,0.0009009,5.505223,0.00102556608,False,True,34.83,24.59,45.07,34.83,10.24,False,0.0287108814241,0.00844098265238
FQWHPQAGK,9,1243,3,11.2,11.2,3.206,0.0009762,4.85508,0.00122183292,False,True,11.2,7.994,14.406,11.2,3.206,False,0.0892857142857,0.0255580357143
GQWHPQAGK,9,1153,3,5.403,5.403,2.575,0.0007504,5.146341,0.000820826292,False,True,5.403,2.828,7.978,5.403,2.575,False,0.185082361651,0.0882078625303
HQWHPQAGK,9,1233,2,18.86,18.86,4.409,0.001382,5.937625,0.001430967625,False,True,18.86,14.451,23.269,18.86,4.409,False,0.0530222693531,0.0123952908578
IQWHPQAGK,9,1209,4,5.855,5.855,1.463,0.001209,5.988289,0.001312571061,False,True,5.855,4.392,7.318,5.855,1.463,False,0.170794192997,0.0426766702571
KQWHPQAGK,9,1224,3,25.19,25.19,6.044,0.001228,7.055344,0.001368736736,False,True,25.19,19.146,31.234,25.19,6.044,False,0.0396982929734,0.00952506878647
LAWHPQAGK,9,1151,2,1.58,1.58,1.042,0.001114,6.632807,0.001081147541,False,True,1.58,0.538,2.622,1.58,1.042,False,0.632911392405,0.417401057523
LCWHPQAGK,9,1183,3,13.4,13.4,3.386,0.00112,5.08786,0.00109897776,False,True,13.4,10.014,16.786,13.4,3.386,False,0.0746268656716,0.0188572065048
LDWHPQAGK,9,1195,4,4.01,4.01,0.9708,0.001443,8.416913,0.001564501092,False,True,4.01,3.0392,4.9808,4.01,0.9708,False,0.249376558603,0.0603727588759
LEWHPQAGK,9,1208,4,0.3009,0.261,0.1645,0.00108,5.224057,0.00118551912,True,True,0.3009,0.1364,0.4654,0.3009,0.0,False,3.3233632436,0.0
LFWHPQAGK,9,1227,2,19.91,19.91,6.835,0.0007852,3.779158,0.000767678459,False,True,19.91,13.075,26.745,19.91,6.835,False,0.0502260170768,0.0172423318292
LGWHPQAGK,9,1137,2,10.01,10.01,3.326,0.0009784,5.135125,0.001058173194,False,True,10.01,6.684,13.336,10.01,3.326,False,0.0999000999001,0.0331935796471
LHWHPQAGK,9,1217,3,0.9233,0.9233,0.4641,0.001111,6.137676,0.001216247184,False,True,0.9233,0.4592,1.3874,0.9233,0.4641,False,1.08307159103,0.544409753491
LIWHPQAGK,9,1193,3,12.28,12.28,2.757,0.001166,6.844342,0.001127222838,False,True,12.28,9.523,15.037,12.28,2.757,False,0.0814332247557,0.0182826873495
LKWHPQAGK,9,1208,3,0.7871,0.561,0.4254,0.001268,6.235973,0.001426139472,True,True,0.7871,0.3617,1.2125,0.7871,0.0,False,1.27048659637,0.0
LLWHPQAGK,9,1193,2,3.166,3.166,1.332,0.001123,5.733456,0.00120402576,False,True,3.166,1.834,4.498,3.166,1.332,False,0.315855969678,0.13288697145
LMWHPQAGK,9,1211,4,3.881,3.881,1.087,0.000975,10.115697,0.001051071936,False,True,3.881,2.794,4.968,3.881,1.087,False,0.257665550116,0.0721675993239
LNWHPQAGK,9,1194,3,9.468,9.468,2.404,0.001378,8.271987,0.001596493491,False,True,9.468,7.064,11.872,9.468,2.404,False,0.105618926912,0.0268174799636
LPWHPQAGK,9,1177,3,15.3,15.3,4.255,0.001002,5.57862,0.00102634712,False,True,15.3,11.045,19.555,15.3,4.255,False,0.0653594771242,0.0181767696185
LQAHPQAGK,9,1094,2,96.6,96.6,34.33,0.000865,3.67314,0.00080441766,False,True,96.6,62.27,130.93,96.6,34.33,False,0.0103519668737,0.00367891327924
LQCHPQAGK,9,1126,1,0.4547,0.4337,0.6084,0.0007429,4.497174,0.000858960234,True,True,0.4547,-0.1537,1.0631,0.4547,0.0,False,2.19925225423,0.0
LQDHPQAGK,9,1138,4,5.94,5.94,1.431,0.001194,5.895731,0.0014318856,False,True,5.94,4.509,7.371,5.94,1.431,False,0.16835016835,0.0405570860116
LQEHPQAGK,9,1151,3,34.07,34.07,8.807,0.0008417,5.335575,0.0010030881,False,True,34.07,25.263,42.877,34.07,8.807,False,0.0293513354858,0.00758723838049
LQFHPQAGK,9,1170,3,26.22,26.22,6.591,0.001028,6.788669,0.001102905104,False,True,26.22,19.629,32.811,26.22,6.591,False,0.0381388253242,0.00958707085094
LQGHPQAGK,9,1080,3,20.17,20.17,5.933,0.000882,4.286787,0.000818776317,False,True,20.17,14.237,26.103,20.17,5.933,False,0.0495785820526,0.0145835263916
LQHHPQAGK,9,1160,4,20.8,20.8,4.189,0.001332,5.860363,0.001441649298,False,True,20.8,16.611,24.989,20.8,4.189,False,0.0480769230769,0.00968241494083
LQIHPQAGK,9,1136,2,21.76,21.76,11.58,0.0006225,3.646143,0.000674536455,False,True,21.76,10.18,33.34,21.76,11.58,False,0.0459558823529,0.0244563013625
LQKHPQAGK,9,1151,3,16.3,16.3,7.412,0.0008496,3.915859,0.00105728193,False,True,16.3,8.888,23.712,16.3,7.412,False,0.0613496932515,0.0278971733976
LQLHPQAGK,9,1136,4,23.62,23.62,7.629,0.0006657,4.483036,0.00071728576,False,True,23.62,15.991,31.249,23.62,7.629,False,0.0423370025402,0.0136743857908
LQMHPQAGK,9,1154,3,22.44,22.44,6.818,0.00079,5.370143,0.000864593023,False,True,22.44,15.622,29.258,22.44,6.818,False,0.0445632798574,0.0135397701456
LQNHPQAGK,9,1137,4,8.671,8.671,2.049,0.001109,5.905644,0.001292425044,False,True,8.671,6.622,10.72,8.671,2.049,False,0.115326951909,0.0272523266591
LQPHPQAGK,9,1120,4,20.02,20.02,4.412,0.001182,5.984251,0.00149606275,False,True,20.02,15.608,24.432,20.02,4.412,False,0.04995004995,0.0110079730459
LQQHPQAGK,9,1152,3,7.916,7.916,3.463,0.0008736,5.149729,0.001076293361,False,True,7.916,4.453,11.379,7.916,3.463,False,0.126326427489,0.0552638224347
LQRHPQAGK,9,1179,4,2.93,1.599,1.313,0.0008091,6.392972,0.000991850965,True,True,2.93,1.617,4.243,2.93,0.0,False,0.341296928328,0.0
LQSHPQAGK,9,1110,4,18.91,18.91,5.616,0.0009567,4.622156,0.000823855158,False,True,18.91,13.294,24.526,18.91,5.616,False,0.0528820729773,0.0157052206156
LQTHPQAGK,9,1124,2,21.89,21.89,10.5,0.0008386,3.516404,0.000745477648,False,True,21.89,11.39,32.39,21.89,10.5,False,0.0456829602558,0.0219127950062
LQVHPQAGK,9,1122,2,10.99,10.99,4.466,0.000758,4.641016,0.00093561039,False,True,10.99,6.524,15.456,10.99,4.466,False,0.090991810737,0.0369762899683
LQWAPQAGK,9,1143,3,0.1053,0.1053,19.54,1.307e-05,0.178105,3.7936365e-05,False,False,0.1053,-19.4347,19.6453,30000.0,0.0,True,3.33333333333e-05,0.0
LQWCPQAGK,9,1175,4,0.03978,0.03978,9308.0,0.0001031,0.769767,0.000164730138,False,False,0.03978,-9307.96022,9308.03978,30000.0,0.0,True,3.33333333333e-05,0.0
LQWDPQAGK,9,1187,2,115.9,115.9,204.0,0.0001515,0.952161,0.000151393599,False,False,115.9,-88.1,319.9,30000.0,0.0,True,3.33333333333e-05,0.0
LQWEPQAGK,9,1200,3,3503.0,3503.0,6524.0,0.000991,0.906841,0.000194970815,False,False,3503.0,-3021.0,10027.0,30000.0,0.0,True,3.33333333333e-05,0.0
LQWFPQAGK,9,1219,4,0.03423,0.03423,40580.0,1.223e-05,0.789068,0.000195688864,False,False,0.03423,-40579.96577,40580.03423,30000.0,0.0,True,3.33333333333e-05,0.0
LQWGPQAGK,9,1129,2,1033.0,1033.0,7094.0,4.762e-05,-0.5503,-0.000131153746,False,False,1033.0,-6061.0,8127.0,30000.0,0.0,True,3.33333333333e-05,0.0
LQWHAQAGK,9,1183,4,204.5,204.5,709.1,0.0001321,-0.041832,-8.78472e-06,False,False,204.5,-504.6,913.6,30000.0,0.0,True,3.33333333333e-05,0.0
LQWHCQAGK,9,1215,3,2295.0,2295.0,5432.0,0.001417,1.413701,0.000229019562,False,False,2295.0,-3137.0,7727.0,30000.0,0.0,True,3.33333333333e-05,0.0
LQWHDQAGK,9,1227,2,8.316,8.316,2984.0,0.0005443,0.418618,8.1211892e-05,False,False,8.316,-2975.684,2992.316,30000.0,0.0,True,3.33333333333e-05,0.0
LQWHEQAGK,9,1240,2,50580.0,50580.0,792900.0,8.018e-05,-0.398251,-8.4429212e-05,False,False,50580.0,-742320.0,843480.0,30000.0,0.0,True,3.33333333333e-05,0.0
LQWHFQAGK,9,1259,1,1302.0,1302.0,7007.0,0.0001671,0.942098,0.00017428813,False,False,1302.0,-5705.0,8309.0,30000.0,0.0,True,3.33333333333e-05,0.0
LQWHGQAGK,9,1169,3,2.684,2.684,2636.0,6.081e-05,0.364283,6.7392355e-05,False,False,2.684,-2633.316,2638.684,30000.0,0.0,True,3.33333333333e-05,0.0
LQWHHQAGK,9,1249,2,280.1,11.66,192.5,0.0005626,1.261346,0.000272450736,False,False,280.1,87.6,472.6,30000.0,0.0,True,3.33333333333e-05,0.0
LQWHIQAGK,9,1225,2,12140.0,12140.0,59920.0,-0.0002797,1.180362,0.000280926156,False,False,12140.0,-47780.0,72060.0,30000.0,0.0,True,3.33333333333e-05,0.0
LQWHKQAGK,9,1240,3,0.19,0.19,2.124,1.447e-05,0.623713,0.000136593147,False,False,0.19,-1.934,2.314,30000.0,0.0,True,3.33333333333e-05,0.0
LQWHLQAGK,9,1225,4,59.0,0.02186,36.89,0.0002371,0.770035,0.000162477385,False,False,59.0,22.11,95.89,30000.0,0.0,True,3.33333333333e-05,0.0
LQWHMQAGK,9,1243,3,0.1419,0.1419,2.979,7.733e-05,0.828243,0.000153224955,False,False,0.1419,-2.8371,3.1209,30000.0,0.0,True,3.33333333333e-05,0.0
LQWHNQAGK,9,1226,2,0.02134,0.02134,39010.0,-0.000124,-0.978989,-0.00018600791,False,False,0.02134,-39009.97866,39010.02134,30000.0,0.0,True,3.33333333333e-05,0.0
LQWHPAAGK,9,1151,2,0.09701,0.09701,36.83,0.0001243,-0.768344,-0.000143680328,False,False,0.09701,-36.73299,36.92701,30000.0,0.0,True,3.33333333333e-05,0.0
LQWHPCAGK,9,1183,1,0.4788,0.000175,1.718,7.524e-05,0.942996,0.000173511264,False,False,0.4788,-1.2392,2.1968,30000.0,0.0,True,3.33333333333e-05,0.0
LQWHPDAGK,9,1195,3,4.833,4.833,1746.0,0.0003106,0.675187,0.000106679546,False,False,4.833,-1741.167,1750.833,30000.0,0.0,True,3.33333333333e-05,0.0
LQWHPEAGK,9,1208,1,151.0,151.0,729.9,-7.211e-05,-1.540919,-0.000366738722,False,False,151.0,-578.9,880.9,30000.0,0.0,True,3.33333333333e-05,0.0
LQWHPFAGK,9,1227,3,218.6,218.6,229.3,0.0003065,2.42118,0.0002663298,False,True,218.6,-10.7,447.9,218.6,229.3,False,0.00457456541629,0.00479848055789
LQWHPGAGK,9,1137,3,0.1138,0.1138,303200.0,7.004e-05,0.899243,0.000166359955,False,False,0.1138,-303199.8862,303200.1138,30000.0,0.0,True,3.33333333333e-05,0.0
LQWHPHAGK,9,1217,2,183.3,183.3,1884.0,-4.326e-05,0.25343,4.789827e-05,False,False,183.3,-1700.7,2067.3,30000.0,0.0,True,3.33333333333e-05,0.0
LQWHPIAGK,9,1193,4,2462.0,78.58,1308.0,0.0003939,0.876375,0.00013846725,False,False,2462.0,1154.0,3770.0,30000.0,0.0,True,3.33333333333e-05,0.0
LQWHPKAGK,9,1208,2,16.35,16.35,271300.0,-1.225e-05,-0.007672,-2.240224e-06,False,False,16.35,-271283.65,271316.35,30000.0,0.0,True,3.33333333333e-05,0.0
LQWHPLAGK,9,1193,3,0.0002556,0.0002556,0.2667,3.009e-05,0.311517,6.6353121e-05,False,False,0.0002556,-0.2664444,0.2669556,30000.0,0.0,True,3.33333333333e-05,0.0
LQWHPMAGK,9,1211,4,6.489,6.489,1.616,0.001078,6.855461,0.001150111466,False,True,6.489,4.873,8.105,6.489,1.616,False,0.154106950223,0.0383783066052
LQWHPNAGK,9,1194,2,0.2302,0.01126,1068.0,7.444e-05,0.650348,0.000135922732,False,False,0.2302,-1067.7698,1068.2302,30000.0,0.0,True,3.33333333333e-05,0.0
LQWHPPAGK,9,1177,2,27.63,0.06612,14.65,0.0001739,0.423984,0.000136098864,False,False,27.63,12.98,42.28,30000.0,0.0,True,3.33333333333e-05,0.0
LQWHPQAAK,9,1223,3,21.49,21.49,6.463,0.0008623,4.701404,0.000921475184,False,True,21.49,15.027,27.953,21.49,6.463,False,0.046533271289,0.0139946269121
LQWHPQACK,9,1255,1,33800.0,33800.0,157600.0,0.001496,0.246125,4.5040875e-05,False,False,33800.0,-123800.0,191400.0,30000.0,0.0,True,3.33333333333e-05,0.0
LQWHPQADK,9,1267,3,6.037,6.037,1.643,0.00138,7.072509,0.001577169507,False,True,6.037,4.394,7.68,6.037,1.643,False,0.165645188007,0.0450811734133
LQWHPQAEK,9,1280,1,1.844,1.844,2.271,0.0007209,3.641741,0.000881301322,False,True,1.844,-0.427,4.115,1.844,2.271,False,0.542299349241,0.667875174689
LQWHPQAFK,9,1299,3,30.52,30.52,16.51,0.0005097,3.763825,0.000627553616,False,True,30.52,14.01,47.03,30.52,16.51,False,0.0327653997379,0.0177246641439
LQWHPQAGA,9,1152,2,10.27,10.27,2.971,0.001161,6.178659,0.001346947662,False,True,10.27,7.299,13.241,10.27,2.971,False,0.0973709834469,0.0281683731082
LQWHPQAGC,9,1184,4,9.187,9.187,3.711,0.0007925,7.135525,0.000798964992,False,True,9.187,5.476,12.898,9.187,3.711,False,0.108849461195,0.0439686895064
LQWHPQAGD,9,1196,1,1.561,1.561,1.307,0.0009137,5.504661,0.001189006776,False,True,1.561,0.254,2.868,1.561,1.307,False,0.640614990391,0.536376548649
LQWHPQAGE,9,1209,3,26.22,26.22,6.085,0.0009737,6.015265,0.001121736135,False,True,26.22,20.135,32.305,26.22,6.085,False,0.0381388253242,0.0088510584324
LQWHPQAGF,9,1228,4,5.845,5.845,1.284,0.00131,13.687456,0.001532995072,False,True,5.845,4.561,7.129,5.845,1.284,False,0.171086398631,0.0375833936429
LQWHPQAGG,9,1138,3,2.291,2.291,0.6653,0.001234,6.51929,0.00136253161,False,True,2.291,1.6257,2.9563,2.291,0.6653,False,0.436490615452,0.126755655373
LQWHPQAGH,9,1218,3,4.642,4.642,1.234,0.001234,7.750335,0.0012358466,False,True,4.642,3.408,5.876,4.642,1.234,False,0.21542438604,0.0572670599685
LQWHPQAGI,9,1194,4,11.25,11.25,2.117,0.001415,11.909935,0.00153653916,False,True,11.25,9.133,13.367,11.25,2.117,False,0.0888888888889,0.0167269135802
LQWHPQAGK,9,1209,27,7.01,7.01,0.6662,0.001794,9.465324,0.001424620912,False,True,7.01,6.3438,7.6762,7.01,0.6662,False,0.142653352354,0.0135571559683
LQWHPQAGL,9,1194,3,4.635,4.635,1.28,0.001447,5.955744,0.001465113024,False,True,4.635,3.355,5.915,4.635,1.28,False,0.215749730313,0.0595813710465
LQWHPQAGM,9,1212,3,1.147,1.147,0.5037,0.001136,6.105819,0.001141788153,False,True,1.147,0.6433,1.6507,1.147,0.5037,False,0.871839581517,0.382864513697
LQWHPQAGN,9,1195,3,7.855,7.855,1.788,0.001354,6.151753,0.001365689166,False,True,7.855,6.067,9.643,7.855,1.788,False,0.127307447486,0.0289784488993
LQWHPQAGP,9,1178,3,5.902,5.902,1.569,0.00144,8.817841,0.001438248978,False,True,5.902,4.333,7.471,5.902,1.569,False,0.169434090139,0.045042712204
LQWHPQAGQ,9,1210,3,6.395,6.395,1.613,0.001328,6.482082,0.001419575958,False,True,6.395,4.782,8.008,6.395,1.613,False,0.156372165754,0.0394414860613
LQWHPQAGR,9,1237,3,8.889,8.889,1.986,0.001541,11.120674,0.001545773686,False,True,8.889,6.903,10.875,8.889,1.986,False,0.112498593768,0.025134684129
LQWHPQAGS,9,1168,3,7.463,7.463,1.68,0.001476,6.223358,0.001582861371,False,True,7.463,5.783,9.143,7.463,1.68,False,0.133994372236,0.0301635462089
LQWHPQAGT,9,1182,3,6.579,6.579,1.764,0.001074,5.026637,0.001054876494,False,True,6.579,4.815,8.343,6.579,1.764,False,0.15199878401,0.0407548039205
LQWHPQAGV,9,1180,3,6.931,6.931,1.943,0.001098,5.619408,0.001244697013,False,True,6.931,4.988,8.874,6.931,1.943,False,0.144279324773,0.040446505271
LQWHPQAGW,9,1267,3,0.5382,0.5382,0.4685,0.001352,7.236905,0.00153422386,False,True,0.5382,0.0697,1.0067,0.5382,0.4685,False,1.85804533631,1.61741776302
LQWHPQAGY,9,1244,3,2.647,2.647,0.7871,0.00141,6.766487,0.001465132664,False,True,2.647,1.8599,3.4341,2.647,0.7871,False,0.377786173026,0.11233679516
LQWHPQAHK,9,1289,3,63.88,63.88,21.8,0.0006133,4.465164,0.000732286896,False,True,63.88,42.08,85.68,63.88,21.8,False,0.0156543519098,0.00534228039503
LQWHPQAIK,9,1265,4,30.4,30.4,20.02,0.0003454,2.205905,0.00043235738,False,True,30.4,10.38,50.42,30.4,20.02,False,0.0328947368421,0.0216629155125
LQWHPQAKK,9,1280,3,15.14,15.14,12.46,0.0003108,2.19641,0.00054690609,False,True,15.14,2.68,27.6,15.14,12.46,False,0.0660501981506,0.0543583532996
LQWHPQALK,9,1265,4,2.043,2.043,2.686,0.000325,1.744449,0.000324467514,False,False,2.043,-0.643,4.729,30000.0,0.0,True,3.33333333333e-05,0.0
LQWHPQAMK,9,1283,2,83.08,83.08,43.38,0.0005643,3.942511,0.000756962112,False,True,83.08,39.7,126.46,83.08,43.38,False,0.0120365912374,0.00628487395133
LQWHPQANK,9,1266,2,25.91,25.91,9.15,0.0008322,5.15922,0.0009544557,False,True,25.91,16.76,35.06,25.91,9.15,False,0.0385951370127,0.0136296990994
LQWHPQAPK,9,1249,3,2.663,2.663,1.115,0.001173,6.649662,0.001276735104,False,True,2.663,1.548,3.778,2.663,1.115,False,0.375516334961,0.157228957372
LQWHPQAQK,9,1281,3,4.089,4.089,2.454,0.0007385,3.895635,0.001071299625,False,True,4.089,1.635,6.543,4.089,2.454,False,0.244558571778,0.146771028404
LQWHPQARK,9,1308,3,35.62,35.62,15.5,0.0005153,4.043419,0.000638860202,False,True,35.62,20.12,51.12,35.62,15.5,False,0.0280741156654,0.0122164175411
LQWHPQASK,9,1239,4,18.17,18.17,5.711,0.001015,4.170315,0.001178567,False,True,18.17,12.459,23.881,18.17,5.711,False,0.0550357732526,0.0172982554235
LQWHPQATK,9,1253,2,1.316,8.175e-05,0.8963,0.0007562,4.507105,0.000734658115,True,True,1.316,0.4197,2.2123,1.316,0.0,False,0.759878419453,0.0
LQWHPQAVK,9,1251,2,16.67,0.06274,12.59,0.0009547,3.387827,0.000904549809,True,True,16.67,4.08,29.26,16.67,0.0,False,0.0599880023995,0.0
LQWHPQAWK,9,1338,4,60.22,60.22,19.09,0.0007377,5.277882,0.000836212299,False,True,60.22,41.13,79.31,60.22,19.09,False,0.016605778811,0.00526410357859
LQWHPQAYK,9,1315,3,24.53,24.53,10.3,0.0005708,4.30092,0.000668831592,False,True,24.53,14.23,34.83,24.53,10.3,False,0.0407664084794,0.0171175706212
LQWHPQCGK,9,1241,2,14820.0,14820.0,877000.0,0.0001074,0.666854,0.00012336799,False,False,14820.0,-862180.0,891820.0,30000.0,0.0,True,3.33333333333e-05,0.0
LQWHPQDGK,9,1253,4,7.308,7.308,2.565,0.0008211,5.881164,0.000929223912,False,True,7.308,4.743,9.873,7.308,2.565,False,0.136836343733,0.0480275344383
LQWHPQEGK,9,1266,3,43.16,43.16,22.7,0.0006003,3.297557,0.000619940716,False,True,43.16,20.46,65.86,43.16,22.7,False,0.0231696014829,0.0121860508262
LQWHPQFGK,9,1285,2,6.88,6.88,2.126,0.001169,5.374314,0.001224846633,False,True,6.88,4.754,9.006,6.88,2.126,False,0.145348837209,0.0449144808004
LQWHPQGGK,9,1195,3,11.02,11.02,3.165,0.001142,7.400893,0.001191543773,False,True,11.02,7.855,14.185,11.02,3.165,False,0.0907441016334,0.0260621671207
LQWHPQHGK,9,1275,2,4.355,4.355,8.394,0.0003795,2.755436,0.000435358888,False,True,4.355,-4.039,12.749,4.355,8.394,False,0.229621125144,0.442580878176
LQWHPQIGK,9,1251,4,14.47,14.47,7.649,0.0005094,3.915949,0.000724774548,False,True,14.47,6.821,22.119,14.47,7.649,False,0.0691085003455,0.0365315078883
LQWHPQKGK,9,1266,2,0.493,0.002471,0.3254,0.0005121,1.668583,0.000366813216,False,False,0.493,0.1676,0.8184,30000.0,0.0,True,3.33333333333e-05,0.0
LQWHPQLGK,9,1251,2,19.8,19.8,10.59,0.0007515,4.529005,0.00085145294,False,True,19.8,9.21,30.39,19.8,10.59,False,0.0505050505051,0.0270125497398
LQWHPQMGK,9,1269,4,11.22,11.22,3.397,0.000789,5.088104,0.00094129924,False,True,11.22,7.823,14.617,11.22,3.397,False,0.0891265597148,0.0269842177675
LQWHPQNGK,9,1252,1,0.01665,0.005513,797100.0,0.0008837,2.638653,0.000902419326,True,True,0.01665,-797099.98335,797100.01665,0.01665,0.0,False,60.0600600601,0.0
LQWHPQPGK,9,1235,3,1.324,1.324,3.699,0.0002841,1.245909,0.00026164089,False,False,1.324,-2.375,5.023,30000.0,0.0,True,3.33333333333e-05,0.0
LQWHPQQGK,9,1267,3,2.418,2.418,1.564,0.0007763,3.544415,0.000764381545,False,True,2.418,0.854,3.982,2.418,1.564,False,0.413564929694,0.267500227478
LQWHPQRGK,9,1294,3,10.14,10.14,5.668,0.0006398,3.090633,0.000574857738,False,True,10.14,4.472,15.808,10.14,5.668,False,0.0986193293886,0.0551256764275
LQWHPQSGK,9,1225,4,8.763,8.763,2.058,0.001345,7.188892,0.00116313758,False,True,8.763,6.705,10.821,8.763,2.058,False,0.114116170261,0.0268003056485
LQWHPQTGK,9,1239,4,33.42,33.42,9.611,0.0007412,3.029703,0.000754396047,False,True,33.42,23.809,43.031,33.42,9.611,False,0.0299222022741,0.00860509533382
LQWHPQVGK,9,1237,2,10.57,10.57,3.92,0.0009788,7.060757,0.001327422316,False,True,10.57,6.65,14.49,10.57,3.92,False,0.0946073793756,0.0350861804307
LQWHPQWGK,9,1324,4,10.34,10.34,4.135,0.0007559,4.039351,0.000942770736,False,True,10.34,6.205,14.475,10.34,4.135,False,0.0967117988395,0.0386753663637
LQWHPQYGK,9,1301,4,22.44,68.01,35.63,0.0007993,5.134123,0.001124372937,False,True,22.44,-13.19,58.07,22.44,35.63,False,0.0445632798574,0.070757115032
LQWHPRAGK,9,1236,2,42.23,42.23,64.73,-0.0001049,-0.168217,-4.4409288e-05,False,False,42.23,-22.5,106.96,30000.0,0.0,True,3.33333333333e-05,0.0
LQWHPSAGK,9,1167,3,0.001792,0.001792,19840.0,0.0001031,0.369007,9.225175e-05,False,False,0.001792,-19839.998208,19840.001792,30000.0,0.0,True,3.33333333333e-05,0.0
LQWHPTAGK,9,1181,2,333.7,333.7,1442.0,4.442e-05,0.509495,9.7313545e-05,False,False,333.7,-1108.3,1775.7,30000.0,0.0,True,3.33333333333e-05,0.0
LQWHPVAGK,9,1179,4,816.7,816.7,1258.0,-3.253e-05,0.167854,4.4313456e-05,False,False,816.7,-441.3,2074.7,30000.0,0.0,True,3.33333333333e-05,0.0
LQWHPWAGK,9,1266,3,2913.0,43.76,17420.0,0.002461,1.762077,0.000341842938,False,False,2913.0,-14507.0,20333.0,30000.0,0.0,True,3.33333333333e-05,0.0
LQWHPYAGK,9,1243,3,0.01169,0.01169,13.84,0.0002351,1.054463,0.000223546156,False,False,0.01169,-13.82831,13.85169,30000.0,0.0,True,3.33333333333e-05,0.0
LQWHQQAGK,9,1241,3,9.575,9.575,4408.0,0.0001924,0.019791,4.927959e-06,False,False,9.575,-4398.425,4417.575,30000.0,0.0,True,3.33333333333e-05,0.0
LQWHRQAGK,9,1268,2,0.1749,0.001684,0.389,0.0002012,1.425264,0.000346339152,False,False,0.1749,-0.2141,0.5639,30000.0,0.0,True,3.33333333333e-05,0.0
LQWHSQAGK,9,1199,4,0.03181,0.03181,9.074,0.0001063,0.99966,0.0002149269,False,False,0.03181,-9.04219,9.10581,30000.0,0.0,True,3.33333333333e-05,0.0
LQWHTQAGK,9,1213,3,0.3421,0.3421,11120000.0,0.0002398,0.974075,0.00023572615,False,False,0.3421,-11119999.6579,11120000.3421,30000.0,0.0,True,3.33333333333e-05,0.0
LQWHVQAGK,9,1211,3,0.07824,0.07824,264.6,0.0002928,0.46401,7.470561e-05,False,False,0.07824,-264.52176,264.67824,30000.0,0.0,True,3.33333333333e-05,0.0
LQWHWQAGK,9,1298,2,368400.0,368400.0,4367000.0,0.008676,1.046489,0.000252203849,False,False,368400.0,-3998600.0,4735400.0,30000.0,0.0,True,3.33333333333e-05,0.0
LQWHYQAGK,9,1275,3,0.1069,0.1069,74.55,7.12e-06,0.332477,0.000106060163,False,False,0.1069,-74.4431,74.6569,30000.0,0.0,True,3.33333333333e-05,0.0
LQWIPQAGK,9,1185,2,0.1384,0.1384,15.86,0.0001675,0.489177,0.000142350507,False,False,0.1384,-15.7216,15.9984,30000.0,0.0,True,3.33333333333e-05,0.0
LQWKPQAGK,9,1200,3,0.7495,0.7495,819500.0,4.658e-05,0.189169,4.783401e-05,False,False,0.7495,-819499.2505,819500.7495,30000.0,0.0,True,3.33333333333e-05,0.0
LQWLPQAGK,9,1185,4,0.04359,0.04359,14.33,0.0001463,0.703747,0.00016889928,False,False,0.04359,-14.28641,14.37359,30000.0,0.0,True,3.33333333333e-05,0.0
LQWMPQAGK,9,1203,4,0.03585,0.03585,404.2,0.0002658,0.838529,0.000136680227,False,False,0.03585,-404.16415,404.23585,30000.0,0.0,True,3.33333333333e-05,0.0
LQWNPQAGK,9,1186,1,33030.0,33030.0,74740.0,-0.003702,-0.532154,-0.000103237876,False,False,33030.0,-41710.0,107770.0,30000.0,0.0,True,3.33333333333e-05,0.0
LQWPPQAGK,9,1169,4,5.213,5.213,5065.0,0.0001103,1.051432,0.000170331984,False,False,5.213,-5059.787,5070.213,30000.0,0.0,True,3.33333333333e-05,0.0
LQWQPQAGK,9,1201,4,0.7765,0.7765,15.08,5.277e-05,0.469701,0.000155940732,False,False,0.7765,-14.3035,15.8565,30000.0,0.0,True,3.33333333333e-05,0.0
LQWRPQAGK,9,1228,3,1.592e-06,1.592e-06,0.1339,5.183e-05,-0.165536,-3.9232032e-05,False,False,1.592e-06,-0.133898408,0.133901592,30000.0,0.0,True,3.33333333333e-05,0.0
LQWSPQAGK,9,1159,4,20.92,20.92,50.12,0.0001124,0.780436,0.000126430632,False,False,20.92,-29.2,71.04,30000.0,0.0,True,3.33333333333e-05,0.0
LQWTPQAGK,9,1173,3,0.0008187,0.0008187,22.65,0.000107,1.413128,0.000260015552,False,False,0.0008187,-22.6491813,22.6508187,30000.0,0.0,True,3.33333333333e-05,0.0
LQWVPQAGK,9,1171,1,248.0,1.823,828.5,0.0001692,0.632113,0.00012010147,False,False,248.0,-580.5,1076.5,30000.0,0.0,True,3.33333333333e-05,0.0
LQWWPQAGK,9,1258,2,783.5,783.5,2684.0,0.0001573,0.774787,0.000215390786,False,False,783.5,-1900.5,3467.5,30000.0,0.0,True,3.33333333333e-05,0.0
LQWYPQAGK,9,1235,4,4.668,4.668,1499.0,0.0003423,0.742164,0.000123199224,False,False,4.668,-1494.332,1503.668,30000.0,0.0,True,3.33333333333e-05,0.0
LQYHPQAGK,9,1186,4,12.17,12.17,3.088,0.001068,5.598693,0.001170126837,False,True,12.17,9.082,15.258,12.17,3.088,False,0.0821692686935,0.02084952356
LRWHPQAGK,9,1236,3,3.659,3.659,1.064,0.001395,7.283558,0.001413010252,False,True,3.659,2.595,4.723,3.659,1.064,False,0.273298715496,0.0794724879169
LSWHPQAGK,9,1167,4,11.25,11.25,2.472,0.001014,6.087152,0.001262826761,False,True,11.25,8.778,13.722,11.25,2.472,False,0.0888888888889,0.0195318518519
LTWHPQAGK,9,1181,3,2.512,2.512,0.9913,0.001405,8.685813,0.00138973008,False,True,2.512,1.5207,3.5033,2.512,0.9913,False,0.398089171975,0.15709625644
LVWHPQAGK,9,1179,3,0.6355,0.5707,0.3276,0.001273,6.163527,0.00138630848,True,True,0.6355,0.3079,0.9631,0.6355,0.0,False,1.57356412274,0.0
LWWHPQAGK,9,1266,4,4.066,4.066,1.012,0.001237,6.988304,0.001377560765,False,True,4.066,3.054,5.078,4.066,1.012,False,0.245941957698,0.061213295915
LYWHPQAGK,9,1243,3,4.288,4.288,1.064,0.001457,6.363681,0.001440907965,False,True,4.288,3.224,5.352,4.288,1.064,False,0.233208955224,0.0578671474716
MQWHPQAGK,9,1227,4,24.07,24.07,5.167,0.0009393,6.588739,0.001131316416,False,True,24.07,18.903,29.237,24.07,5.167,False,0.0415454923141,0.00891838632268
NQWHPQAGK,9,1210,4,0.4197,0.4197,0.3779,0.00119,6.410651,0.001224434341,False,True,0.4197,0.0418,0.7976,0.4197,0.3779,False,2.38265427686,2.14535394622
PQWHPQAGK,9,1193,3,3.694,3.694,1.413,0.001088,5.326798,0.001142642267,False,True,3.694,2.281,5.107,3.694,1.413,False,0.270709258257,0.103549589041
QQWHPQAGK,9,1225,3,8.676,8.676,2.631,0.001211,7.310944,0.00157185296,False,True,8.676,6.045,11.307,8.676,2.631,False,0.115260488704,0.0349527830546
RQWHPQAGK,9,1252,3,7.82,7.82,2.344,0.001036,6.035458,0.001019381325,False,True,7.82,5.476,10.164,7.82,2.344,False,0.127877237852,0.0383304661796
SQWHPQAGK,9,1183,3,10.91,10.91,3.585,0.000822,4.282764,0.000818007924,False,True,10.91,7.325,14.495,10.91,3.585,False,0.0916590284143,0.0301189383011
TQWHPQAGK,9,1197,3,4.327,4.327,1.239,0.001287,11.455889,0.001580912682,False,True,4.327,3.088,5.566,4.327,1.239,False,0.231107002542,0.0661755433672
VQWHPQAGK,9,1195,3,30.2,30.2,6.395,0.001027,4.744757,0.001033684246,False,True,30.2,23.805,36.595,30.2,6.395,False,0.0331125827815,0.00701175387044
WQWHPQAGK,9,1282,2,7.209,7.209,2.665,0.001017,4.978396,0.001040484764,False,True,7.209,4.544,9.874,7.209,2.665,False,0.138715494521,0.0512798991397
YQWHPQAGK,9,1259,4,22.9,22.9,5.101,0.0009377,7.16204,0.001186772595,False,True,22.9,17.799,28.001,22.9,5.101,False,0.0436681222707,0.00972712190843
